File Name,Duration (s),Mean Amplitude,Max Amplitude
C:\Users\Jeevana R S\Downloads\Baby\Sounds\donateacry_corpus\belly_pain\549a46d8-9c84-430e-ade8-97eae2bef787-1430130772174-1.7-m-48-bp.wav,6.86,0.015407015,0.27100748
C:\Users\Jeevana R S\Downloads\Baby\Sounds\donateacry_corpus\belly_pain\643D64AD-B711-469A-AF69-55C0D5D3E30F-1430138495-1.0-m-72-bp.wav,7.0,0.0051890053,0.06761445
C:\Users\Jeevana R S\Downloads\Baby\Sounds\donateacry_corpus\belly_pain\643D64AD-B711-469A-AF69-55C0D5D3E30F-1430138506-1.0-m-72-bp.wav,7.0,0.009193536,0.4307816
C:\Users\Jeevana R S\Downloads\Baby\Sounds\donateacry_corpus\belly_pain\643D64AD-B711-469A-AF69-55C0D5D3E30F-1430138514-1.0-m-72-bp.wav,7.0,0.015777992,0.49195778
C:\Users\Jeevana R S\Downloads\Baby\Sounds\donateacry_corpus\belly_pain\643D64AD-B711-469A-AF69-55C0D5D3E30F-1430138524-1.0-m-72-bp.wav,7.0,0.03212912,0.4149894
C:\Users\Jeevana R S\Downloads\Baby\Sounds\donateacry_corpus\belly_pain\643D64AD-B711-469A-AF69-55C0D5D3E30F-1430138536-1.0-m-72-bp.wav,7.0,0.017251417,1.0179974
C:\Users\Jeevana R S\Downloads\Baby\Sounds\donateacry_corpus\belly_pain\643D64AD-B711-469A-AF69-55C0D5D3E30F-1430138545-1.0-m-72-bp.wav,7.0,0.018957749,0.30077636
C:\Users\Jeevana R S\Downloads\Baby\Sounds\donateacry_corpus\belly_pain\643D64AD-B711-469A-AF69-55C0D5D3E30F-1430138591-1.0-m-72-bp.wav,7.0,0.022535989,0.4427364
C:\Users\Jeevana R S\Downloads\Baby\Sounds\donateacry_corpus\belly_pain\643D64AD-B711-469A-AF69-55C0D5D3E30F-1430138647-1.0-m-72-bp.wav,7.0,0.021348422,0.30357307
C:\Users\Jeevana R S\Downloads\Baby\Sounds\donateacry_corpus\belly_pain\69BDA5D6-0276-4462-9BF7-951799563728-1436936185-1.1-m-26-bp.wav,7.0,0.14217708,1.0331962
C:\Users\Jeevana R S\Downloads\Baby\Sounds\donateacry_corpus\belly_pain\999bf14b-e417-4b44-b746-9253f81efe38-1430974001343-1.7-m-26-bp.wav,6.9,0.029812044,0.30652535
C:\Users\Jeevana R S\Downloads\Baby\Sounds\donateacry_corpus\belly_pain\ae5f103b-5fee-442f-bb1b-d9d0570c46ab-1431533857965-1.7-m-26-bp.wav,6.96,0.020747524,0.7793237
C:\Users\Jeevana R S\Downloads\Baby\Sounds\donateacry_corpus\belly_pain\C421C6FE-DFEE-4080-8AEA-848E7CE4756B-1430548333-1.0-f-26-bp.wav,7.0,0.014347503,0.2436369
C:\Users\Jeevana R S\Downloads\Baby\Sounds\donateacry_corpus\belly_pain\d6cda191-4962-4308-9a36-46d5648a95ed-1431159262344-1.7-m-04-bp.wav,6.82,0.030044375,0.33062765
C:\Users\Jeevana R S\Downloads\Baby\Sounds\donateacry_corpus\belly_pain\d6cda191-4962-4308-9a36-46d5648a95ed-1431159272600-1.7-m-04-bp.wav,6.84,0.03344829,0.44463962
C:\Users\Jeevana R S\Downloads\Baby\Sounds\donateacry_corpus\belly_pain\d6cda191-4962-4308-9a36-46d5648a95ed-1431700390946-1.7-m-04-bp.wav,6.84,0.15331778,1.0530486
C:\Users\Jeevana R S\Downloads\Baby\Sounds\donateacry_corpus\burping\5afc6a14-a9d8-45f8-b31d-c79dd87cc8c6-1430757039803-1.7-m-48-bu.wav,6.66,0.1350659,1.0623728
C:\Users\Jeevana R S\Downloads\Baby\Sounds\donateacry_corpus\burping\79FF400A-97E2-4701-987D-C7C850D5523C-1430089648-1.0-f-48-bu.wav,7.0,0.033462342,0.47148666
C:\Users\Jeevana R S\Downloads\Baby\Sounds\donateacry_corpus\burping\7A864194-4B6B-4850-ABBF-0C2A8170107B-1436846915-1.1-f-26-bu.wav,7.0,0.00667207,0.32657722
C:\Users\Jeevana R S\Downloads\Baby\Sounds\donateacry_corpus\burping\7E4B9C14-F955-4BED-9B03-7F3096A6CBFF-1430232208-1.0-f-26-bu.wav,7.0,0.0851114,1.2408348
C:\Users\Jeevana R S\Downloads\Baby\Sounds\donateacry_corpus\burping\7E4B9C14-F955-4BED-9B03-7F3096A6CBFF-1430540826-1.0-f-26-bu.wav,7.0,0.1264823,1.23628
C:\Users\Jeevana R S\Downloads\Baby\Sounds\donateacry_corpus\burping\AEA8AE04-D00E-48A7-8A0B-6D87E2175121-1430563241-1.0-f-72-bu.wav,7.0,0.046272047,0.98905325
C:\Users\Jeevana R S\Downloads\Baby\Sounds\donateacry_corpus\burping\af30880e-5f98-4dc0-b37a-be6b21fa0ba3-1431240072536-1.7-m-26-bu.wav,6.54,0.17545392,1.1163473
C:\Users\Jeevana R S\Downloads\Baby\Sounds\donateacry_corpus\burping\F24DE44B-762C-4149-AC92-96A5E57ED118-1430816949-1.0-m-04-bu.wav,7.0,0.057410836,0.82804006
C:\Users\Jeevana R S\Downloads\Baby\Sounds\donateacry_corpus\discomfort\10A40438-09AA-4A21-83B4-8119F03F7A11-1430925142-1.0-f-26-dc.wav,7.0,0.12040084,1.0140233
C:\Users\Jeevana R S\Downloads\Baby\Sounds\donateacry_corpus\discomfort\11417AC2-DCC9-48CD-8177-CA8665E51B2F-1436881512-1.1-m-48-dc.wav,7.0,0.015514949,0.30487046
C:\Users\Jeevana R S\Downloads\Baby\Sounds\donateacry_corpus\discomfort\1309B82C-F146-46F0-A723-45345AFA6EA8-1430703937-1.0-f-48-dc.wav,7.0,0.07947171,0.93621486
C:\Users\Jeevana R S\Downloads\Baby\Sounds\donateacry_corpus\discomfort\1309B82C-F146-46F0-A723-45345AFA6EA8-1430704008-1.0-f-48-dc.wav,7.0,0.024415452,0.53531885
C:\Users\Jeevana R S\Downloads\Baby\Sounds\donateacry_corpus\discomfort\1309B82C-F146-46F0-A723-45345AFA6EA8-1432801693-1.1-f-26-dc.wav,7.0,0.09077996,0.8948691
C:\Users\Jeevana R S\Downloads\Baby\Sounds\donateacry_corpus\discomfort\1309B82C-F146-46F0-A723-45345AFA6EA8-1432801703-1.1-f-26-dc.wav,7.0,0.1275155,0.86836636
C:\Users\Jeevana R S\Downloads\Baby\Sounds\donateacry_corpus\discomfort\2294E2B2-8E36-4DA6-A898-B947CB9446AB-1436462707-1.1-m-26-dc.wav,7.0,0.042240072,0.5975408
C:\Users\Jeevana R S\Downloads\Baby\Sounds\donateacry_corpus\discomfort\64acb345-a61e-4ef3-a5a6-cf83c04b83f1-1430058990597-1.7-m-72-dc.wav,6.66,0.1349655,1.0562032
C:\Users\Jeevana R S\Downloads\Baby\Sounds\donateacry_corpus\discomfort\64acb345-a61e-4ef3-a5a6-cf83c04b83f1-1430059012473-1.7-m-72-dc.wav,6.68,0.2983216,1.189253
C:\Users\Jeevana R S\Downloads\Baby\Sounds\donateacry_corpus\discomfort\665BDF6D-2897-49F9-8AD0-978B3B2A0468-1430530218-1.0-m-26-dc.wav,7.0,0.0044633453,0.14042735
C:\Users\Jeevana R S\Downloads\Baby\Sounds\donateacry_corpus\discomfort\79FF400A-97E2-4701-987D-C7C850D5523C-1430089621-1.0-f-48-dc.wav,7.0,0.009035249,0.5106103
C:\Users\Jeevana R S\Downloads\Baby\Sounds\donateacry_corpus\discomfort\79FF400A-97E2-4701-987D-C7C850D5523C-1430089688-1.0-f-48-dc.wav,7.0,0.051473655,0.659257
C:\Users\Jeevana R S\Downloads\Baby\Sounds\donateacry_corpus\discomfort\7b0e160e-0505-459e-8ecb-304d7afae9d2-1437486974312-1.7-m-04-dc.wav,6.9,0.036735296,0.41067854
C:\Users\Jeevana R S\Downloads\Baby\Sounds\donateacry_corpus\discomfort\837fd072-8704-4196-9ff1-1d2c07886e55-1432429478471-1.7-m-22-dc.wav,6.96,0.004038041,0.06565591
C:\Users\Jeevana R S\Downloads\Baby\Sounds\donateacry_corpus\discomfort\999bf14b-e417-4b44-b746-9253f81efe38-1430844958178-1.7-m-04-ch.wav,6.9,0.02701824,0.28934637
C:\Users\Jeevana R S\Downloads\Baby\Sounds\donateacry_corpus\discomfort\999bf14b-e417-4b44-b746-9253f81efe38-1430844979531-1.7-m-04-ch.wav,6.9,0.010511742,0.3885684
C:\Users\Jeevana R S\Downloads\Baby\Sounds\donateacry_corpus\discomfort\999bf14b-e417-4b44-b746-9253f81efe38-1430844994519-1.7-m-04-ch.wav,6.9,0.042261854,0.5278347
C:\Users\Jeevana R S\Downloads\Baby\Sounds\donateacry_corpus\discomfort\999bf14b-e417-4b44-b746-9253f81efe38-1430845018393-1.7-m-26-ch.wav,6.9,0.018014897,0.27709922
C:\Users\Jeevana R S\Downloads\Baby\Sounds\donateacry_corpus\discomfort\999bf14b-e417-4b44-b746-9253f81efe38-1430845035663-1.7-m-26-ch.wav,6.9,0.042382024,0.48326337
C:\Users\Jeevana R S\Downloads\Baby\Sounds\donateacry_corpus\discomfort\a40b9b8d-e4bc-457a-badf-f38bdbc0c358-1430016981469-1.7-m-26-dc.wav,6.96,0.23531957,1.365371
C:\Users\Jeevana R S\Downloads\Baby\Sounds\donateacry_corpus\discomfort\ae5a462b-5424-4b5b-82d5-07ccb61654ab-1431064345173-1.7-f-48-dc.wav,6.9,0.011711245,0.24946086
C:\Users\Jeevana R S\Downloads\Baby\Sounds\donateacry_corpus\discomfort\D1CB71F9-EF76-49B3-A703-41D557444D21-1436863419-1.1-f-26-dc.wav,7.0,0.075997405,0.86345077
C:\Users\Jeevana R S\Downloads\Baby\Sounds\donateacry_corpus\discomfort\d6cda191-4962-4308-9a36-46d5648a95ed-1426942891562-1.4-f-48-dc.wav,6.82,0.002228312,0.17328617
C:\Users\Jeevana R S\Downloads\Baby\Sounds\donateacry_corpus\discomfort\d6cda191-4962-4308-9a36-46d5648a95ed-1431086262776-1.7-m-04-ch.wav,6.84,0.046304252,0.6266527
C:\Users\Jeevana R S\Downloads\Baby\Sounds\donateacry_corpus\discomfort\d6cda191-4962-4308-9a36-46d5648a95ed-1431161889263-1.7-m-04-dc.wav,6.84,0.0096335765,0.16735628
C:\Users\Jeevana R S\Downloads\Baby\Sounds\donateacry_corpus\discomfort\f258a8e2-92cd-4843-9da4-80ed26ec8e10-1436944996156-1.7-f-26-ch.wav,6.66,0.091158606,1.0518129
C:\Users\Jeevana R S\Downloads\Baby\Sounds\donateacry_corpus\discomfort\f5b29377-7cd6-4688-942c-5a07add39dc5-1437480263225-1.7-f-26-dc.wav,7.06,0.14504538,1.0069607
C:\Users\Jeevana R S\Downloads\Baby\Sounds\donateacry_corpus\hungry\02c3b725-26e4-4a2c-9336-04ddc58836d9-1430726196216-1.7-m-04-hu.wav,6.94,0.0004966578,0.018876355
C:\Users\Jeevana R S\Downloads\Baby\Sounds\donateacry_corpus\hungry\02ead89b-aa02-453e-8b83-6ebde9fe7551-1430233132879-1.7-m-26-hu.wav,6.9,0.0038168356,0.21699551
C:\Users\Jeevana R S\Downloads\Baby\Sounds\donateacry_corpus\hungry\035c6b30-a145-42b9-8d0f-445cd9003d2c-1435948197257-1.7-m-04-hu.wav,6.96,0.08466784,0.8724551
C:\Users\Jeevana R S\Downloads\Baby\Sounds\donateacry_corpus\hungry\03abcb8f-400a-47d8-ad82-7e4586cc06be-1431864192133-1.7-f-48-hu.wav,6.98,0.15421963,1.0989648
C:\Users\Jeevana R S\Downloads\Baby\Sounds\donateacry_corpus\hungry\045C5483-69E1-4BEC-B1D8-9286D174B9B2-1430102996-1.0-m-04-hu.wav,7.0,0.14442316,0.95972276
C:\Users\Jeevana R S\Downloads\Baby\Sounds\donateacry_corpus\hungry\04c3386b-e6bc-4bd0-8456-d46ae21a73fc-1435305829013-1.7-f-26-hu.wav,6.9,0.0036279378,0.062945604
C:\Users\Jeevana R S\Downloads\Baby\Sounds\donateacry_corpus\hungry\0776b33b-c41a-4a2e-8b9c-f1c184be00c8-1437123838264-1.7-f-26-hu.wav,6.96,0.18538828,1.0118902
C:\Users\Jeevana R S\Downloads\Baby\Sounds\donateacry_corpus\hungry\08E9485B-2772-444B-A636-77E14DD14A8C-1431493441-1.0-m-04-hu.wav,7.0,0.062302966,1.0731401
C:\Users\Jeevana R S\Downloads\Baby\Sounds\donateacry_corpus\hungry\08E9485B-2772-444B-A636-77E14DD14A8C-1431493453-1.0-m-04-hu.wav,7.0,0.010063034,0.46218288
C:\Users\Jeevana R S\Downloads\Baby\Sounds\donateacry_corpus\hungry\090C15A8-5406-4EA5-97A3-81F6527227C0-1430147515-1.0-m-72-hu.wav,7.0,0.036978737,0.93889767
C:\Users\Jeevana R S\Downloads\Baby\Sounds\donateacry_corpus\hungry\090C15A8-5406-4EA5-97A3-81F6527227C0-1430147525-1.0-m-72-hu.wav,7.0,0.048869073,1.0490665
C:\Users\Jeevana R S\Downloads\Baby\Sounds\donateacry_corpus\hungry\090C15A8-5406-4EA5-97A3-81F6527227C0-1430147533-1.0-m-72-hu.wav,7.0,0.04372104,0.9632959
C:\Users\Jeevana R S\Downloads\Baby\Sounds\donateacry_corpus\hungry\090C15A8-5406-4EA5-97A3-81F6527227C0-1430147582-1.0-m-72-hu.wav,7.0,0.01744357,0.13153039
C:\Users\Jeevana R S\Downloads\Baby\Sounds\donateacry_corpus\hungry\0a983cd2-0078-4698-a048-99ac01eb167a-1433917038889-1.7-f-04-hu.wav,6.84,0.08756821,0.9473536
C:\Users\Jeevana R S\Downloads\Baby\Sounds\donateacry_corpus\hungry\0c8f14a9-6999-485b-97a2-913c1cbf099c-1430760379259-1.7-m-26-hu.wav,6.94,0.04132635,0.95601094
C:\Users\Jeevana R S\Downloads\Baby\Sounds\donateacry_corpus\hungry\0c8f14a9-6999-485b-97a2-913c1cbf099c-1430760394426-1.7-m-26-hu.wav,6.96,0.05029168,0.85402364
C:\Users\Jeevana R S\Downloads\Baby\Sounds\donateacry_corpus\hungry\0D1AD73E-4C5E-45F3-85C4-9A3CB71E8856-1430742197-1.0-m-04-hu.wav,7.0,0.059995383,0.5567205
C:\Users\Jeevana R S\Downloads\Baby\Sounds\donateacry_corpus\hungry\0f257dac-7d6f-4575-9192-e3b4dcd3d4ef-1430185441581-1.7-f-26-hu.wav,6.96,0.039201424,1.0003471
C:\Users\Jeevana R S\Downloads\Baby\Sounds\donateacry_corpus\hungry\0F4B1065-4012-47C8-88B7-ACE11B1A536E-1430038775-1.0-m-04-hu.wav,7.0,0.11794618,1.0140529
C:\Users\Jeevana R S\Downloads\Baby\Sounds\donateacry_corpus\hungry\101c6709-39fb-44dc-b905-7cbeed5714a2-1434361963544-1.7-f-04-hu.wav,6.96,0.0064737997,0.1963385
C:\Users\Jeevana R S\Downloads\Baby\Sounds\donateacry_corpus\hungry\10A40438-09AA-4A21-83B4-8119F03F7A11-1430848034-1.0-f-26-hu.wav,7.0,0.082845904,0.7608589
C:\Users\Jeevana R S\Downloads\Baby\Sounds\donateacry_corpus\hungry\10A40438-09AA-4A21-83B4-8119F03F7A11-1430848060-1.0-f-26-hu.wav,7.0,0.081615135,0.88531315
C:\Users\Jeevana R S\Downloads\Baby\Sounds\donateacry_corpus\hungry\10A40438-09AA-4A21-83B4-8119F03F7A11-1430848070-1.0-f-26-hu.wav,7.0,0.083840676,0.92689
C:\Users\Jeevana R S\Downloads\Baby\Sounds\donateacry_corpus\hungry\10A40438-09AA-4A21-83B4-8119F03F7A11-1430848101-1.0-f-26-hu.wav,7.0,0.090039015,0.9560747
C:\Users\Jeevana R S\Downloads\Baby\Sounds\donateacry_corpus\hungry\10A40438-09AA-4A21-83B4-8119F03F7A11-1430925172-1.0-f-26-hu.wav,7.0,0.09132246,0.8995315
C:\Users\Jeevana R S\Downloads\Baby\Sounds\donateacry_corpus\hungry\11417AC2-DCC9-48CD-8177-CA8665E51B2F-1436881489-1.1-m-48-hu.wav,7.0,0.025304655,0.25700843
C:\Users\Jeevana R S\Downloads\Baby\Sounds\donateacry_corpus\hungry\1259bcad-2308-46fa-9a36-b5d8f359886a-1430143617162-1.7-m-04-hu.wav,6.86,0.08667708,0.77000576
C:\Users\Jeevana R S\Downloads\Baby\Sounds\donateacry_corpus\hungry\1259bcad-2308-46fa-9a36-b5d8f359886a-1430143644843-1.7-f-04-hu.wav,6.86,0.10206597,0.7682991
C:\Users\Jeevana R S\Downloads\Baby\Sounds\donateacry_corpus\hungry\1259bcad-2308-46fa-9a36-b5d8f359886a-1430143668806-1.7-f-04-hu.wav,6.86,0.05135932,0.7586014
C:\Users\Jeevana R S\Downloads\Baby\Sounds\donateacry_corpus\hungry\1309B82C-F146-46F0-A723-45345AFA6EA8-1430059849-1.0-f-04-hu.wav,7.0,0.013335913,0.3631571
C:\Users\Jeevana R S\Downloads\Baby\Sounds\donateacry_corpus\hungry\1445575b-80ad-477b-8e48-36194cac728e-1430244987914-1.7-f-48-hu.wav,6.78,0.024370423,0.70493025
C:\Users\Jeevana R S\Downloads\Baby\Sounds\donateacry_corpus\hungry\177dc72e-d0f8-47ef-a5a7-3b46878e11a0-1430736358754-1.7-f-26-hu.wav,6.92,0.09105637,1.050916
C:\Users\Jeevana R S\Downloads\Baby\Sounds\donateacry_corpus\hungry\177dc72e-d0f8-47ef-a5a7-3b46878e11a0-1430736533767-1.7-f-26-hu.wav,6.92,0.08570397,1.2948081
C:\Users\Jeevana R S\Downloads\Baby\Sounds\donateacry_corpus\hungry\177dc72e-d0f8-47ef-a5a7-3b46878e11a0-1430736549614-1.7-f-26-hu.wav,6.88,0.12327558,1.4036148
C:\Users\Jeevana R S\Downloads\Baby\Sounds\donateacry_corpus\hungry\189b78c6-9e78-43f2-bcb8-6cc8a462f4dc-1430807938301-1.7-m-22-hu.wav,6.86,0.16912356,0.6324104
C:\Users\Jeevana R S\Downloads\Baby\Sounds\donateacry_corpus\hungry\19aae3d1-51c6-4ffb-aeb8-efb6ae7ba83e-1436861395462-1.7-m-48-hu.wav,6.66,0.019128423,0.76429003
C:\Users\Jeevana R S\Downloads\Baby\Sounds\donateacry_corpus\hungry\1abb2260-a652-4ba7-bd98-7d463312730f-1430041727150-1.7-m-04-hu.wav,6.9,0.14382905,0.6004932
C:\Users\Jeevana R S\Downloads\Baby\Sounds\donateacry_corpus\hungry\1b381a1e-88a6-4a48-b889-a5ccdf0aacaf-1430299568333-1.7-f-72-hu.wav,6.9,0.085591786,0.8881984
C:\Users\Jeevana R S\Downloads\Baby\Sounds\donateacry_corpus\hungry\1f40790f-68f2-4e7e-845e-715bd97c82d0-1429979568422-1.7-m-04-hu.wav,6.86,0.07078038,0.70224553
C:\Users\Jeevana R S\Downloads\Baby\Sounds\donateacry_corpus\hungry\1f40790f-68f2-4e7e-845e-715bd97c82d0-1429979603276-1.7-m-72-hu.wav,6.72,0.009266578,0.62439424
C:\Users\Jeevana R S\Downloads\Baby\Sounds\donateacry_corpus\hungry\20E2B5A0-40A4-4FD8-8935-AFD1DB833510-1430127670-1.0-m-26-hu.wav,7.0,0.030831518,0.45015955
C:\Users\Jeevana R S\Downloads\Baby\Sounds\donateacry_corpus\hungry\218e6fd7-f9c5-4490-afd7-c4fba174e7d2-1430209174300-1.7-m-72-hu.wav,7.04,0.044569124,0.5475089
C:\Users\Jeevana R S\Downloads\Baby\Sounds\donateacry_corpus\hungry\218e6fd7-f9c5-4490-afd7-c4fba174e7d2-1430209252819-1.7-m-72-hu.wav,7.06,0.009242359,0.247782
C:\Users\Jeevana R S\Downloads\Baby\Sounds\donateacry_corpus\hungry\21c07aff-0a8d-4e74-ad5e-e3c7f7bcb11b-1430031235662-1.7-m-04-hu.wav,6.86,0.11185637,1.273937
C:\Users\Jeevana R S\Downloads\Baby\Sounds\donateacry_corpus\hungry\21c07aff-0a8d-4e74-ad5e-e3c7f7bcb11b-1430105653796-1.7-m-04-hu.wav,6.88,0.080994144,1.2753773
C:\Users\Jeevana R S\Downloads\Baby\Sounds\donateacry_corpus\hungry\22b43570-d440-475b-b2f1-e528c81081f7-1430663490095-1.7-m-04-hu.wav,6.96,0.044705026,0.52467215
C:\Users\Jeevana R S\Downloads\Baby\Sounds\donateacry_corpus\hungry\2439388A-9CF2-4D3B-9534-E6951FC9EAD4-1436877933-1.1-m-26-hu.wav,7.0,0.024788512,1.0062084
C:\Users\Jeevana R S\Downloads\Baby\Sounds\donateacry_corpus\hungry\2439388A-9CF2-4D3B-9534-E6951FC9EAD4-1436877944-1.1-m-26-hu.wav,7.0,0.029689863,1.0024731
C:\Users\Jeevana R S\Downloads\Baby\Sounds\donateacry_corpus\hungry\2439388A-9CF2-4D3B-9534-E6951FC9EAD4-1436877953-1.1-m-26-hu.wav,7.0,0.042080674,1.0026488
C:\Users\Jeevana R S\Downloads\Baby\Sounds\donateacry_corpus\hungry\24f2a4e1-7161-42a3-a2a2-a29a2422c0b8-1430814730789-1.7-f-26-hu.wav,6.88,0.0025100026,0.15031904
C:\Users\Jeevana R S\Downloads\Baby\Sounds\donateacry_corpus\hungry\24f2a4e1-7161-42a3-a2a2-a29a2422c0b8-1430814741368-1.7-f-26-hu.wav,6.92,0.017171795,0.67156124
C:\Users\Jeevana R S\Downloads\Baby\Sounds\donateacry_corpus\hungry\24f94b49-c8bc-4ed2-b43a-80b099f12936-1430534429690-1.7-m-04-hu.wav,6.86,0.056099962,0.8606274
C:\Users\Jeevana R S\Downloads\Baby\Sounds\donateacry_corpus\hungry\24f94b49-c8bc-4ed2-b43a-80b099f12936-1430534715095-1.7-m-04-hu.wav,6.86,0.08673373,1.0184698
C:\Users\Jeevana R S\Downloads\Baby\Sounds\donateacry_corpus\hungry\2562ad82-485a-44c2-ad25-f70fce71480b-1430045593479-1.7-m-72-hu.wav,6.98,0.12804496,1.3979464
C:\Users\Jeevana R S\Downloads\Baby\Sounds\donateacry_corpus\hungry\2602b7c2-e96d-42f6-9767-f1ae74925ef8-1431376228657-1.7-f-22-hu.wav,6.92,0.011061225,0.39308226
C:\Users\Jeevana R S\Downloads\Baby\Sounds\donateacry_corpus\hungry\2a0e6a88-b049-4f46-a3d6-d73ffae470d5-1430770144865-1.7-m-04-hu.wav,6.96,0.013285476,0.25799453
C:\Users\Jeevana R S\Downloads\Baby\Sounds\donateacry_corpus\hungry\2a0e6a88-b049-4f46-a3d6-d73ffae470d5-1430770161530-1.7-m-04-hu.wav,6.94,0.06910419,0.8805495
C:\Users\Jeevana R S\Downloads\Baby\Sounds\donateacry_corpus\hungry\2ad6d558-32f2-4bfd-99c5-cbd31ee3bb11-1430064396119-1.7-m-72-hu.wav,6.72,0.024540516,0.46339905
C:\Users\Jeevana R S\Downloads\Baby\Sounds\donateacry_corpus\hungry\2e25d0a5-0b2b-44ef-8491-e445b16ea75c-1430056314272-1.7-f-26-hu.wav,6.68,0.0054021347,0.2754526
C:\Users\Jeevana R S\Downloads\Baby\Sounds\donateacry_corpus\hungry\2e25d0a5-0b2b-44ef-8491-e445b16ea75c-1430056332640-1.7-f-26-hu.wav,6.66,0.0024260397,0.060892656
C:\Users\Jeevana R S\Downloads\Baby\Sounds\donateacry_corpus\hungry\2EE636FB-BD76-4118-A0EF-82FAFC32301F-1436586600-1.1-f-04-hu.wav,7.0,0.03512597,0.43900678
C:\Users\Jeevana R S\Downloads\Baby\Sounds\donateacry_corpus\hungry\2F1C0515-EC8E-44C1-ABEA-E04EB475543A-1432143888-1.1-m-22-hu.wav,7.0,0.011542391,0.23121646
C:\Users\Jeevana R S\Downloads\Baby\Sounds\donateacry_corpus\hungry\3030d0e9-0c9b-4616-9b83-f10dc2dedbfd-1430053447333-1.7-m-26-hu.wav,6.74,0.115180254,0.9693814
C:\Users\Jeevana R S\Downloads\Baby\Sounds\donateacry_corpus\hungry\3030d0e9-0c9b-4616-9b83-f10dc2dedbfd-1430053456045-1.7-m-26-hu.wav,6.76,0.026282642,0.5514226
C:\Users\Jeevana R S\Downloads\Baby\Sounds\donateacry_corpus\hungry\3030d0e9-0c9b-4616-9b83-f10dc2dedbfd-1430053464739-1.7-m-26-hu.wav,6.74,0.016546011,0.20182148
C:\Users\Jeevana R S\Downloads\Baby\Sounds\donateacry_corpus\hungry\3030d0e9-0c9b-4616-9b83-f10dc2dedbfd-1430053594259-1.7-m-26-hu.wav,6.74,0.02775602,0.3729455
C:\Users\Jeevana R S\Downloads\Baby\Sounds\donateacry_corpus\hungry\3030d0e9-0c9b-4616-9b83-f10dc2dedbfd-1430326171876-1.7-m-26-hu.wav,6.76,0.018174827,0.8616173
C:\Users\Jeevana R S\Downloads\Baby\Sounds\donateacry_corpus\hungry\30c2cee4-b682-4dcb-86b9-7fa6f36f1b66-1430728411287-1.7-f-72-hu.wav,6.94,0.0811017,0.9913429
C:\Users\Jeevana R S\Downloads\Baby\Sounds\donateacry_corpus\hungry\31e785de-b0c9-464f-88e2-bd8f1dd5cda4-1433403682898-1.7-m-04-hu.wav,6.78,0.085488565,1.0961627
C:\Users\Jeevana R S\Downloads\Baby\Sounds\donateacry_corpus\hungry\323cab80-2551-4a46-8c3d-62c7a5264afa-1430382588301-1.7-m-22-hu.wav,6.9,0.11884066,0.9169824
C:\Users\Jeevana R S\Downloads\Baby\Sounds\donateacry_corpus\hungry\35D58153-7AB7-443D-BED0-2D7ABF73743F-1431855847-1.1-m-04-hu.wav,7.0,0.14563507,1.1080819
C:\Users\Jeevana R S\Downloads\Baby\Sounds\donateacry_corpus\hungry\36f1b3ec-3d2a-470e-af6f-0a8cc11b2723-1430237012976-1.7-m-04-hu.wav,6.96,0.06505709,0.90652335
C:\Users\Jeevana R S\Downloads\Baby\Sounds\donateacry_corpus\hungry\37105492-58b1-432e-a1ce-ea154425abab-1430744728397-1.7-f-26-hu.wav,6.9,0.0057459907,0.26827827
C:\Users\Jeevana R S\Downloads\Baby\Sounds\donateacry_corpus\hungry\375308C6-F894-49A5-B246-8C2819E9C6ED-1430416651-1.0-m-04-hu.wav,7.0,0.008167124,0.21349669
C:\Users\Jeevana R S\Downloads\Baby\Sounds\donateacry_corpus\hungry\376C006E-3664-4056-80D0-7661F631A062-1436930593-1.1-m-26-hu.wav,7.0,0.048747882,0.95307904
C:\Users\Jeevana R S\Downloads\Baby\Sounds\donateacry_corpus\hungry\39180491-e076-4300-b5de-24e812dca6fe-1435708371348-1.7-f-04-hu.wav,6.86,0.029801825,0.41995028
C:\Users\Jeevana R S\Downloads\Baby\Sounds\donateacry_corpus\hungry\3941D08C-5A97-48A4-8830-091D878137F6-1430099813-1.0-m-72-hu.wav,7.0,0.15416826,0.8846835
C:\Users\Jeevana R S\Downloads\Baby\Sounds\donateacry_corpus\hungry\3941D08C-5A97-48A4-8830-091D878137F6-1430099826-1.0-m-72-hu.wav,7.0,0.16931964,0.8722321
C:\Users\Jeevana R S\Downloads\Baby\Sounds\donateacry_corpus\hungry\3bb2445a-9ae9-4dc8-9a2e-86c696ffa405-1430122005544-1.7-m-26-hu.wav,6.86,0.085858606,1.5565417
C:\Users\Jeevana R S\Downloads\Baby\Sounds\donateacry_corpus\hungry\3bb2445a-9ae9-4dc8-9a2e-86c696ffa405-1430122381138-1.7-m-26-hu.wav,6.92,0.02433497,0.62921584
C:\Users\Jeevana R S\Downloads\Baby\Sounds\donateacry_corpus\hungry\3bb2445a-9ae9-4dc8-9a2e-86c696ffa405-1430122479873-1.7-m-26-hu.wav,6.92,0.030539252,0.37252477
C:\Users\Jeevana R S\Downloads\Baby\Sounds\donateacry_corpus\hungry\3bb2445a-9ae9-4dc8-9a2e-86c696ffa405-1430123758633-1.7-m-26-hu.wav,6.92,0.06310069,0.7311702
C:\Users\Jeevana R S\Downloads\Baby\Sounds\donateacry_corpus\hungry\3bb2445a-9ae9-4dc8-9a2e-86c696ffa405-1430124221551-1.7-m-26-hu.wav,6.92,0.08028211,0.85176516
C:\Users\Jeevana R S\Downloads\Baby\Sounds\donateacry_corpus\hungry\3bb2445a-9ae9-4dc8-9a2e-86c696ffa405-1430142760958-1.7-m-26-hu.wav,6.92,0.06589604,0.75357926
C:\Users\Jeevana R S\Downloads\Baby\Sounds\donateacry_corpus\hungry\3bb2445a-9ae9-4dc8-9a2e-86c696ffa405-1430142784308-1.7-m-26-hu.wav,6.84,0.11969677,0.79033536
C:\Users\Jeevana R S\Downloads\Baby\Sounds\donateacry_corpus\hungry\3bb2445a-9ae9-4dc8-9a2e-86c696ffa405-1430146536552-1.7-m-26-hu.wav,6.86,0.057386708,0.6957745
C:\Users\Jeevana R S\Downloads\Baby\Sounds\donateacry_corpus\hungry\3BF71DAF-2A9E-4355-89D3-41AC37E94083-1437281306-1.1-f-26-hu.wav,7.0,0.00708998,0.13480696
C:\Users\Jeevana R S\Downloads\Baby\Sounds\donateacry_corpus\hungry\3c0b4e07-33ec-4d68-a6b2-5f5dcb8cff8e-1430070829977-1.7-m-26-hu.wav,7.06,0.05502752,0.59964275
C:\Users\Jeevana R S\Downloads\Baby\Sounds\donateacry_corpus\hungry\3c51dedc-6e4c-47dd-a179-86a25e95f1ef-1430651019625-1.7-m-04-hu.wav,7.06,0.17019977,1.0543357
C:\Users\Jeevana R S\Downloads\Baby\Sounds\donateacry_corpus\hungry\3c51dedc-6e4c-47dd-a179-86a25e95f1ef-1430651049104-1.7-m-72-hu.wav,7.06,0.15282436,1.0574658
C:\Users\Jeevana R S\Downloads\Baby\Sounds\donateacry_corpus\hungry\3d3e244d-20b1-4ec3-9732-92dcd14ff35a-1436961241219-1.7-m-72-hu.wav,6.66,0.11562112,1.0400815
C:\Users\Jeevana R S\Downloads\Baby\Sounds\donateacry_corpus\hungry\3DF341FA-E90B-4335-A51A-A9B0769150CE-1436859277-1.1-m-04-hu.wav,7.0,0.047084812,0.449599
C:\Users\Jeevana R S\Downloads\Baby\Sounds\donateacry_corpus\hungry\3DF341FA-E90B-4335-A51A-A9B0769150CE-1436859328-1.1-m-04-hu.wav,7.0,0.035877902,0.5554819
C:\Users\Jeevana R S\Downloads\Baby\Sounds\donateacry_corpus\hungry\40a4c760-facf-4911-b0a6-22eccc3ab18d-1430466164038-1.7-f-26-hu.wav,7.06,0.03507643,1.1185849
C:\Users\Jeevana R S\Downloads\Baby\Sounds\donateacry_corpus\hungry\40a4c760-facf-4911-b0a6-22eccc3ab18d-1430466176951-1.7-f-26-hu.wav,7.06,0.03369896,0.50475836
C:\Users\Jeevana R S\Downloads\Baby\Sounds\donateacry_corpus\hungry\40a4c760-facf-4911-b0a6-22eccc3ab18d-1430466393384-1.7-f-26-hu.wav,7.06,0.17709698,1.073235
C:\Users\Jeevana R S\Downloads\Baby\Sounds\donateacry_corpus\hungry\40a4c760-facf-4911-b0a6-22eccc3ab18d-1430477691332-1.7-f-26-hu.wav,7.06,0.11821934,1.4773378
C:\Users\Jeevana R S\Downloads\Baby\Sounds\donateacry_corpus\hungry\40a4c760-facf-4911-b0a6-22eccc3ab18d-1430477717469-1.7-f-26-hu.wav,7.06,0.18989825,1.5776962
C:\Users\Jeevana R S\Downloads\Baby\Sounds\donateacry_corpus\hungry\40a4c760-facf-4911-b0a6-22eccc3ab18d-1430477726097-1.7-f-26-hu.wav,7.06,0.19007874,1.327699
C:\Users\Jeevana R S\Downloads\Baby\Sounds\donateacry_corpus\hungry\40a4c760-facf-4911-b0a6-22eccc3ab18d-1430477756469-1.7-f-26-hu.wav,7.06,0.139927,1.3451151
C:\Users\Jeevana R S\Downloads\Baby\Sounds\donateacry_corpus\hungry\40a4c760-facf-4911-b0a6-22eccc3ab18d-1430477780076-1.7-f-26-hu.wav,7.04,0.12712823,1.7451603
C:\Users\Jeevana R S\Downloads\Baby\Sounds\donateacry_corpus\hungry\415d69b4-6d84-4bf8-97b0-10f8f108dc1d-1430739498797-1.7-m-04-hu.wav,7.06,0.0060595847,0.06797321
C:\Users\Jeevana R S\Downloads\Baby\Sounds\donateacry_corpus\hungry\415d69b4-6d84-4bf8-97b0-10f8f108dc1d-1430739528719-1.7-m-04-hu.wav,7.06,0.0036994417,0.036482718
C:\Users\Jeevana R S\Downloads\Baby\Sounds\donateacry_corpus\hungry\42ec6f14-6ba6-457f-8a80-101ee201195c-1431345009828-1.7-m-22-hu.wav,7.06,0.0008594563,0.053769954
C:\Users\Jeevana R S\Downloads\Baby\Sounds\donateacry_corpus\hungry\459c3f85-5710-4efa-bcc9-8012aa1af55e-1430034880215-1.7-f-48-hu.wav,6.94,0.010160295,0.48847842
C:\Users\Jeevana R S\Downloads\Baby\Sounds\donateacry_corpus\hungry\459c3f85-5710-4efa-bcc9-8012aa1af55e-1430034895673-1.7-f-48-hu.wav,6.9,0.044589862,0.584007
C:\Users\Jeevana R S\Downloads\Baby\Sounds\donateacry_corpus\hungry\46002244-7304-45DC-BF69-B6EC2BB25009-1436902364-1.1-f-48-hu.wav,7.0,0.0062392834,0.1350778
C:\Users\Jeevana R S\Downloads\Baby\Sounds\donateacry_corpus\hungry\4be720ce-a5e5-4a48-930f-a212f8a239f6-1434737668804-1.7-f-48-hu.wav,6.78,0.0060457042,0.26407236
C:\Users\Jeevana R S\Downloads\Baby\Sounds\donateacry_corpus\hungry\4be720ce-a5e5-4a48-930f-a212f8a239f6-1434737694572-1.7-f-48-hu.wav,6.78,0.0074377563,0.41075143
C:\Users\Jeevana R S\Downloads\Baby\Sounds\donateacry_corpus\hungry\4be720ce-a5e5-4a48-930f-a212f8a239f6-1434774932733-1.7-f-48-hu.wav,6.78,0.025852636,0.46947372
C:\Users\Jeevana R S\Downloads\Baby\Sounds\donateacry_corpus\hungry\4be720ce-a5e5-4a48-930f-a212f8a239f6-1434774947458-1.7-f-48-hu.wav,6.78,0.03331008,0.37946904
C:\Users\Jeevana R S\Downloads\Baby\Sounds\donateacry_corpus\hungry\4CD5903D-E2CE-401E-B898-D873C763F44B-1430727644-1.0-m-26-hu.wav,7.0,0.011958589,0.17722376
C:\Users\Jeevana R S\Downloads\Baby\Sounds\donateacry_corpus\hungry\4CD5903D-E2CE-401E-B898-D873C763F44B-1430727653-1.0-m-26-hu.wav,7.0,0.014827741,0.29600975
C:\Users\Jeevana R S\Downloads\Baby\Sounds\donateacry_corpus\hungry\4cefc13c-e7c0-4b5a-bddb-c40c103e640a-1431583459308-1.7-f-26-hu.wav,6.78,0.044255663,0.7332801
C:\Users\Jeevana R S\Downloads\Baby\Sounds\donateacry_corpus\hungry\4cefc13c-e7c0-4b5a-bddb-c40c103e640a-1431583470764-1.7-f-26-hu.wav,6.78,0.06340383,0.75946003
C:\Users\Jeevana R S\Downloads\Baby\Sounds\donateacry_corpus\hungry\4D43D6CD-C084-4081-ABF3-8B25951B2D75-1430146631-1.0-m-04-hu.wav,7.0,0.03631911,0.52228296
C:\Users\Jeevana R S\Downloads\Baby\Sounds\donateacry_corpus\hungry\50DC5FBC-AC95-44F2-B55F-E4E5FB03AC96-1430007656-1.0-m-26-hu.wav,7.0,0.033053756,0.39990687
C:\Users\Jeevana R S\Downloads\Baby\Sounds\donateacry_corpus\hungry\50DC5FBC-AC95-44F2-B55F-E4E5FB03AC96-1430007668-1.0-m-26-hu.wav,7.0,0.05853193,0.64018774
C:\Users\Jeevana R S\Downloads\Baby\Sounds\donateacry_corpus\hungry\50DC5FBC-AC95-44F2-B55F-E4E5FB03AC96-1430007691-1.0-m-26-hu.wav,7.0,0.05131609,0.7677161
C:\Users\Jeevana R S\Downloads\Baby\Sounds\donateacry_corpus\hungry\50DC5FBC-AC95-44F2-B55F-E4E5FB03AC96-1430108024-1.0-m-26-hu.wav,7.0,0.049194723,0.66252935
C:\Users\Jeevana R S\Downloads\Baby\Sounds\donateacry_corpus\hungry\52dfc27a-fbc4-4d9f-bbcf-6406c919324a-1430041644396-1.7-m-26-hu.wav,6.9,0.010091469,0.43274674
C:\Users\Jeevana R S\Downloads\Baby\Sounds\donateacry_corpus\hungry\52dfc27a-fbc4-4d9f-bbcf-6406c919324a-1430041657947-1.7-m-26-hu.wav,6.92,0.100205906,1.1135024
C:\Users\Jeevana R S\Downloads\Baby\Sounds\donateacry_corpus\hungry\539FDD32-6326-422E-A707-FCF063D3426C-1437073534-1.1-f-26-hu.wav,7.0,0.08513824,0.7748782
C:\Users\Jeevana R S\Downloads\Baby\Sounds\donateacry_corpus\hungry\539FDD32-6326-422E-A707-FCF063D3426C-1437073544-1.1-f-26-hu.wav,7.0,0.13741305,0.8650525
C:\Users\Jeevana R S\Downloads\Baby\Sounds\donateacry_corpus\hungry\549a46d8-9c84-430e-ade8-97eae2bef787-1430130669340-1.7-m-48-hu.wav,6.86,0.00096559606,0.044406954
C:\Users\Jeevana R S\Downloads\Baby\Sounds\donateacry_corpus\hungry\549a46d8-9c84-430e-ade8-97eae2bef787-1430130686288-1.7-m-48-hu.wav,6.88,0.0017559382,0.09364662
C:\Users\Jeevana R S\Downloads\Baby\Sounds\donateacry_corpus\hungry\549a46d8-9c84-430e-ade8-97eae2bef787-1430130702316-1.7-m-48-hu.wav,6.86,0.025860868,0.21117553
C:\Users\Jeevana R S\Downloads\Baby\Sounds\donateacry_corpus\hungry\549a46d8-9c84-430e-ade8-97eae2bef787-1430130714659-1.7-m-48-hu.wav,6.86,0.0056534205,0.09535633
C:\Users\Jeevana R S\Downloads\Baby\Sounds\donateacry_corpus\hungry\549a46d8-9c84-430e-ade8-97eae2bef787-1430130760929-1.7-m-48-hu.wav,6.86,0.011136357,0.29449415
C:\Users\Jeevana R S\Downloads\Baby\Sounds\donateacry_corpus\hungry\5728DDD6-149B-412F-A14B-C29B9B5E415F-1432635035-1.0-m-26-hu.wav,7.0,0.04085771,0.5058781
C:\Users\Jeevana R S\Downloads\Baby\Sounds\donateacry_corpus\hungry\5728DDD6-149B-412F-A14B-C29B9B5E415F-1432635047-1.0-m-26-hu.wav,7.0,0.07334558,0.83261925
C:\Users\Jeevana R S\Downloads\Baby\Sounds\donateacry_corpus\hungry\5728DDD6-149B-412F-A14B-C29B9B5E415F-1432635069-1.0-m-26-hu.wav,7.0,0.04847064,0.63171756
C:\Users\Jeevana R S\Downloads\Baby\Sounds\donateacry_corpus\hungry\5afc6a14-a9d8-45f8-b31d-c79dd87cc8c6-1430757081034-1.7-m-48-hu.wav,6.68,0.111567535,0.83599186
C:\Users\Jeevana R S\Downloads\Baby\Sounds\donateacry_corpus\hungry\5b49f19f-a3a7-411e-bb32-755da3cbd6f0-1430029991480-1.7-m-48-hu.wav,6.96,0.08751981,0.97797555
C:\Users\Jeevana R S\Downloads\Baby\Sounds\donateacry_corpus\hungry\5C2F730C-9721-40B7-A2D8-C257DB518978-1429966327-1.0-m-04-hu.wav,7.0,0.024514271,0.6052132
C:\Users\Jeevana R S\Downloads\Baby\Sounds\donateacry_corpus\hungry\5C2F730C-9721-40B7-A2D8-C257DB518978-1429966336-1.0-m-04-hu.wav,7.0,0.02774786,0.62901103
C:\Users\Jeevana R S\Downloads\Baby\Sounds\donateacry_corpus\hungry\5E01DC60-1DE3-4AF9-A661-7F649EAE457D-1430141106-1.0-m-26-hu.wav,7.0,0.028954739,0.8655536
C:\Users\Jeevana R S\Downloads\Baby\Sounds\donateacry_corpus\hungry\5f0a1ed4-ee2c-493c-bc00-6b56aad78a72-1430933240505-1.7-m-72-hu.wav,6.62,0.004925636,0.20077683
C:\Users\Jeevana R S\Downloads\Baby\Sounds\donateacry_corpus\hungry\5f651112-d2a3-4911-b3a5-f37bfc092494-1430734658837-1.7-m-72-hu.wav,6.92,0.13057755,0.74972415
C:\Users\Jeevana R S\Downloads\Baby\Sounds\donateacry_corpus\hungry\602b06a7-31f0-4370-b35a-9cc81d205958-1430739585531-1.7-m-04-hu.wav,6.92,0.0869494,1.1257017
C:\Users\Jeevana R S\Downloads\Baby\Sounds\donateacry_corpus\hungry\602b06a7-31f0-4370-b35a-9cc81d205958-1430739609286-1.7-f-72-hu.wav,6.86,0.30415228,1.083282
C:\Users\Jeevana R S\Downloads\Baby\Sounds\donateacry_corpus\hungry\602b06a7-31f0-4370-b35a-9cc81d205958-1430907796431-1.7-f-72-hu.wav,6.92,0.03413958,0.7831192
C:\Users\Jeevana R S\Downloads\Baby\Sounds\donateacry_corpus\hungry\63CA92F7-973A-4DCA-A410-7B19811A2478-1430041884-1.0-f-26-hu.wav,7.0,0.0039017848,0.1703693
C:\Users\Jeevana R S\Downloads\Baby\Sounds\donateacry_corpus\hungry\63CA92F7-973A-4DCA-A410-7B19811A2478-1430041902-1.0-f-26-hu.wav,7.0,0.0049920613,0.30488896
C:\Users\Jeevana R S\Downloads\Baby\Sounds\donateacry_corpus\hungry\64acb345-a61e-4ef3-a5a6-cf83c04b83f1-1430045478300-1.7-m-72-hu.wav,6.66,0.16396615,1.0401495
C:\Users\Jeevana R S\Downloads\Baby\Sounds\donateacry_corpus\hungry\64acb345-a61e-4ef3-a5a6-cf83c04b83f1-1430058973897-1.7-m-72-hu.wav,6.62,0.100231424,1.1111869
C:\Users\Jeevana R S\Downloads\Baby\Sounds\donateacry_corpus\hungry\653bf718-94bd-40d0-af7c-8fe44e07640c-1430759214066-1.7-m-04-hu.wav,6.86,0.027556794,0.5593642
C:\Users\Jeevana R S\Downloads\Baby\Sounds\donateacry_corpus\hungry\653bf718-94bd-40d0-af7c-8fe44e07640c-1430759231913-1.7-m-04-hu.wav,6.88,0.056001324,0.8098844
C:\Users\Jeevana R S\Downloads\Baby\Sounds\donateacry_corpus\hungry\6639C63C-F634-489C-91B3-E3DB5930EFD5-1431370257-1.1-m-04-hu.wav,7.0,0.09557694,0.61183417
C:\Users\Jeevana R S\Downloads\Baby\Sounds\donateacry_corpus\hungry\6639C63C-F634-489C-91B3-E3DB5930EFD5-1431370278-1.1-m-04-hu.wav,7.0,0.0915749,0.7291396
C:\Users\Jeevana R S\Downloads\Baby\Sounds\donateacry_corpus\hungry\67414C5E-0EB2-48FD-8391-FCF085FDB6D9-1430050964-1.0-m-04-hu.wav,7.0,0.08033137,1.0116028
C:\Users\Jeevana R S\Downloads\Baby\Sounds\donateacry_corpus\hungry\69374818-7b73-48ac-8200-e6a225e293fb-1430746080630-1.7-m-04-hu.wav,6.72,0.14340973,1.0102706
C:\Users\Jeevana R S\Downloads\Baby\Sounds\donateacry_corpus\hungry\69374818-7b73-48ac-8200-e6a225e293fb-1430746091424-1.7-m-04-hu.wav,6.72,0.06034431,1.0006853
C:\Users\Jeevana R S\Downloads\Baby\Sounds\donateacry_corpus\hungry\6bd76f21-f279-4c46-9453-58c95e7b2475-1430767927715-1.7-m-72-hu.wav,6.62,0.030813651,0.29389092
C:\Users\Jeevana R S\Downloads\Baby\Sounds\donateacry_corpus\hungry\6d922623-8424-4625-be4c-4964e0c9e25c-1434898452774-1.7-m-04-hu.wav,6.96,0.040540896,0.8667772
C:\Users\Jeevana R S\Downloads\Baby\Sounds\donateacry_corpus\hungry\7060a4f6-4c0c-494b-912c-ae60158b185a-1436931995150-1.7-f-04-hu.wav,6.94,0.03821773,0.37704536
C:\Users\Jeevana R S\Downloads\Baby\Sounds\donateacry_corpus\hungry\70d30513-0ec3-49e4-9976-e85785e85c2d-1431033372810-1.7-m-04-hu.wav,6.94,0.033161126,0.92676306
C:\Users\Jeevana R S\Downloads\Baby\Sounds\donateacry_corpus\hungry\70d30513-0ec3-49e4-9976-e85785e85c2d-1431033390358-1.7-m-04-hu.wav,6.94,0.043391462,0.89717126
C:\Users\Jeevana R S\Downloads\Baby\Sounds\donateacry_corpus\hungry\70d30513-0ec3-49e4-9976-e85785e85c2d-1431033405793-1.7-m-04-hu.wav,6.96,0.07793744,0.94078004
C:\Users\Jeevana R S\Downloads\Baby\Sounds\donateacry_corpus\hungry\719bb382-a592-46b7-82d2-8b4a625263b7-1430376267895-1.7-m-48-hu.wav,6.86,0.0024504615,0.26711506
C:\Users\Jeevana R S\Downloads\Baby\Sounds\donateacry_corpus\hungry\719bb382-a592-46b7-82d2-8b4a625263b7-1430376483385-1.7-m-48-hu.wav,6.94,0.0027399065,0.33524764
C:\Users\Jeevana R S\Downloads\Baby\Sounds\donateacry_corpus\hungry\719bb382-a592-46b7-82d2-8b4a625263b7-1430376501744-1.7-m-48-hu.wav,6.92,0.020997979,0.38404757
C:\Users\Jeevana R S\Downloads\Baby\Sounds\donateacry_corpus\hungry\719bb382-a592-46b7-82d2-8b4a625263b7-1430376562788-1.7-m-48-hu.wav,6.88,0.009097244,0.16869815
C:\Users\Jeevana R S\Downloads\Baby\Sounds\donateacry_corpus\hungry\743E7CCA-D32B-40B6-9541-9808122D3F6B-1436860011-1.1-f-26-hu.wav,7.0,0.1501657,1.0110819
C:\Users\Jeevana R S\Downloads\Baby\Sounds\donateacry_corpus\hungry\743E7CCA-D32B-40B6-9541-9808122D3F6B-1436860028-1.1-f-26-hu.wav,7.0,0.090232104,1.026365
C:\Users\Jeevana R S\Downloads\Baby\Sounds\donateacry_corpus\hungry\743E7CCA-D32B-40B6-9541-9808122D3F6B-1436860053-1.1-f-26-hu.wav,7.0,0.15088218,1.039056
C:\Users\Jeevana R S\Downloads\Baby\Sounds\donateacry_corpus\hungry\743E7CCA-D32B-40B6-9541-9808122D3F6B-1436860161-1.1-f-26-hu.wav,7.0,0.048474573,0.74107295
C:\Users\Jeevana R S\Downloads\Baby\Sounds\donateacry_corpus\hungry\7616E8F4-B1A7-45A6-9A0C-C9BB2DE64FC3-1436868751-1.1-m-72-hu.wav,7.0,0.07758493,0.8217881
C:\Users\Jeevana R S\Downloads\Baby\Sounds\donateacry_corpus\hungry\771fa0cc-4535-471b-9cec-d26deff8d567-1429803644891-1.7-m-04-hu.wav,6.82,0.096871346,0.8915511
C:\Users\Jeevana R S\Downloads\Baby\Sounds\donateacry_corpus\hungry\789d2553-cbf2-4911-91e4-fb228d231238-1430818517787-1.7-m-26-hu.wav,6.64,0.030716369,0.56617594
C:\Users\Jeevana R S\Downloads\Baby\Sounds\donateacry_corpus\hungry\7A22229D-06C2-4AAA-9674-DE5DF1906B3A-1436891933-1.1-m-72-hu.wav,7.0,0.021123964,0.35842237
C:\Users\Jeevana R S\Downloads\Baby\Sounds\donateacry_corpus\hungry\7A864194-4B6B-4850-ABBF-0C2A8170107B-1436846797-1.1-f-26-hu.wav,7.0,0.08312317,0.98837394
C:\Users\Jeevana R S\Downloads\Baby\Sounds\donateacry_corpus\hungry\7A864194-4B6B-4850-ABBF-0C2A8170107B-1436846824-1.1-f-26-hu.wav,7.0,0.024698311,0.75622344
C:\Users\Jeevana R S\Downloads\Baby\Sounds\donateacry_corpus\hungry\7A864194-4B6B-4850-ABBF-0C2A8170107B-1436846870-1.1-f-26-hu.wav,7.0,0.095964216,0.9102093
C:\Users\Jeevana R S\Downloads\Baby\Sounds\donateacry_corpus\hungry\7b0e160e-0505-459e-8ecb-304d7afae9d2-1437486941311-1.7-m-04-hu.wav,6.9,0.04589872,0.6583657
C:\Users\Jeevana R S\Downloads\Baby\Sounds\donateacry_corpus\hungry\7b23d26e-6f97-4e8b-b520-a9fdde21ee91-1432261716253-1.7-m-48-hu.wav,6.96,0.15683399,0.9486319
C:\Users\Jeevana R S\Downloads\Baby\Sounds\donateacry_corpus\hungry\7b23d26e-6f97-4e8b-b520-a9fdde21ee91-1432275312750-1.7-m-48-hu.wav,6.94,0.16381177,0.8735858
C:\Users\Jeevana R S\Downloads\Baby\Sounds\donateacry_corpus\hungry\7B924575-21FC-462A-969E-BABB46D1CBF5-1430055167-1.0-f-72-hu.wav,7.0,0.03216375,0.6193063
C:\Users\Jeevana R S\Downloads\Baby\Sounds\donateacry_corpus\hungry\7B924575-21FC-462A-969E-BABB46D1CBF5-1430055220-1.0-f-72-hu.wav,7.0,0.0037443908,0.37749755
C:\Users\Jeevana R S\Downloads\Baby\Sounds\donateacry_corpus\hungry\7B924575-21FC-462A-969E-BABB46D1CBF5-1430055234-1.0-f-72-hu.wav,7.0,0.018702634,0.43626848
C:\Users\Jeevana R S\Downloads\Baby\Sounds\donateacry_corpus\hungry\7B924575-21FC-462A-969E-BABB46D1CBF5-1430055243-1.0-f-72-hu.wav,7.0,0.050576396,0.6361435
C:\Users\Jeevana R S\Downloads\Baby\Sounds\donateacry_corpus\hungry\7CF37029-1040-40B8-ACC9-7E6E5C03AF9B-1429808939-1.0-m-72-hu.wav,7.0,0.022713518,0.5873532
C:\Users\Jeevana R S\Downloads\Baby\Sounds\donateacry_corpus\hungry\7d1c2cd2-6fa1-499f-8ca8-a298198be4e7-1436850081753-1.7-m-04-hu.wav,6.68,0.05080262,0.8977417
C:\Users\Jeevana R S\Downloads\Baby\Sounds\donateacry_corpus\hungry\7e3de9b8-2be5-473f-b8c3-c2657f1317bb-1430006339251-1.7-f-04-hu.wav,6.68,0.016783055,0.25709873
C:\Users\Jeevana R S\Downloads\Baby\Sounds\donateacry_corpus\hungry\7E4B9C14-F955-4BED-9B03-7F3096A6CBFF-1430232157-1.0-f-26-hu.wav,7.0,0.029177431,1.0405105
C:\Users\Jeevana R S\Downloads\Baby\Sounds\donateacry_corpus\hungry\7E4B9C14-F955-4BED-9B03-7F3096A6CBFF-1430232166-1.0-f-26-hu.wav,7.0,0.031421114,0.9862696
C:\Users\Jeevana R S\Downloads\Baby\Sounds\donateacry_corpus\hungry\7E4B9C14-F955-4BED-9B03-7F3096A6CBFF-1430232180-1.0-f-26-hu.wav,7.0,0.08568866,1.0043031
C:\Users\Jeevana R S\Downloads\Baby\Sounds\donateacry_corpus\hungry\7E4B9C14-F955-4BED-9B03-7F3096A6CBFF-1430232195-1.0-f-26-hu.wav,7.0,0.027046181,1.0233228
C:\Users\Jeevana R S\Downloads\Baby\Sounds\donateacry_corpus\hungry\7fd72d70-07c4-40a0-85e9-c91df9bdefb2-1430994916704-1.7-f-04-hu.wav,7.06,0.02744827,0.8139733
C:\Users\Jeevana R S\Downloads\Baby\Sounds\donateacry_corpus\hungry\80130d3a-ceb9-4460-8464-e956bac5c40d-1436850034856-1.7-m-72-hu.wav,6.68,0.063101344,0.82318646
C:\Users\Jeevana R S\Downloads\Baby\Sounds\donateacry_corpus\hungry\8057932d-a6af-4d63-903b-37049686e176-1430919675907-1.7-f-72-hu.wav,6.96,0.009436731,0.48341078
C:\Users\Jeevana R S\Downloads\Baby\Sounds\donateacry_corpus\hungry\80f5ab0a-16c1-4738-9209-fbdae52ff769-1430140636917-1.7-f-04-hu.wav,6.9,0.027232213,0.62845194
C:\Users\Jeevana R S\Downloads\Baby\Sounds\donateacry_corpus\hungry\815af07e-4c31-4032-8bd1-dab6e60c879e-1433156413683-1.7-m-04-hu.wav,6.94,0.10810703,1.0935501
C:\Users\Jeevana R S\Downloads\Baby\Sounds\donateacry_corpus\hungry\815af07e-4c31-4032-8bd1-dab6e60c879e-1433156423585-1.7-m-04-hu.wav,6.96,0.100961424,1.0951135
C:\Users\Jeevana R S\Downloads\Baby\Sounds\donateacry_corpus\hungry\81724071-bc5e-4e38-8f35-85a691af5721-1430737552979-1.7-m-04-hu.wav,6.94,0.0051406096,0.058851227
C:\Users\Jeevana R S\Downloads\Baby\Sounds\donateacry_corpus\hungry\818A32F4-D5D8-426C-B88C-81A8154AC81A-1430093571-1.0-m-26-hu.wav,7.0,0.11626341,0.9754716
C:\Users\Jeevana R S\Downloads\Baby\Sounds\donateacry_corpus\hungry\85FAB169-4DCC-406D-AC93-2F6A8D797DAB-1437632141-1.1-m-04-hu.wav,7.0,0.06111643,0.78510135
C:\Users\Jeevana R S\Downloads\Baby\Sounds\donateacry_corpus\hungry\86c2b87a-ae7c-46a3-b6fb-7ebe748812cf-1430036547966-1.7-m-04-hu.wav,7.04,0.03235581,0.5261551
C:\Users\Jeevana R S\Downloads\Baby\Sounds\donateacry_corpus\hungry\86c2b87a-ae7c-46a3-b6fb-7ebe748812cf-1430036562389-1.7-m-04-hu.wav,7.06,0.055231698,0.9316051
C:\Users\Jeevana R S\Downloads\Baby\Sounds\donateacry_corpus\hungry\86c2b87a-ae7c-46a3-b6fb-7ebe748812cf-1430036593222-1.7-f-26-hu.wav,7.04,0.04163504,0.8547112
C:\Users\Jeevana R S\Downloads\Baby\Sounds\donateacry_corpus\hungry\88da3fbd-926b-4ee7-ae8f-85f92f2783b0-1430114329442-1.7-m-04-hu.wav,6.78,0.002205466,0.025607307
C:\Users\Jeevana R S\Downloads\Baby\Sounds\donateacry_corpus\hungry\89964233-cbdb-4f34-a819-5f4b5ce3f5f5-1430049852345-1.7-f-04-hu.wav,6.92,0.071647085,1.009797
C:\Users\Jeevana R S\Downloads\Baby\Sounds\donateacry_corpus\hungry\89964233-cbdb-4f34-a819-5f4b5ce3f5f5-1430049868816-1.7-f-04-hu.wav,6.92,0.06994772,0.92129266
C:\Users\Jeevana R S\Downloads\Baby\Sounds\donateacry_corpus\hungry\8b1faa77-e3ac-48af-bf2a-58aadebefcba-1436798541805-1.7-m-04-hu.wav,6.74,0.01690124,0.7390253
C:\Users\Jeevana R S\Downloads\Baby\Sounds\donateacry_corpus\hungry\8C13A1F9-62CC-46AA-9192-BECE5CDD5CB0-1430249362-1.0-f-72-hu.wav,7.0,0.008017604,0.89766425
C:\Users\Jeevana R S\Downloads\Baby\Sounds\donateacry_corpus\hungry\8c2a1f03-07f4-4aee-a73f-bc57beb2b600-1430761324670-1.7-f-26-hu.wav,6.64,0.081241794,0.9089205
C:\Users\Jeevana R S\Downloads\Baby\Sounds\donateacry_corpus\hungry\8c66887c-8251-49fa-903b-c02d56405f58-1436856065644-1.7-m-26-hu.wav,6.96,0.012829284,0.18221886
C:\Users\Jeevana R S\Downloads\Baby\Sounds\donateacry_corpus\hungry\8c66887c-8251-49fa-903b-c02d56405f58-1436856137837-1.7-m-26-hu.wav,6.94,0.03898222,0.45216018
C:\Users\Jeevana R S\Downloads\Baby\Sounds\donateacry_corpus\hungry\8c920fd0-fa9f-4926-bcac-074767dcbfcd-1436850948195-1.7-m-04-hu.wav,6.66,0.0084785735,0.336065
C:\Users\Jeevana R S\Downloads\Baby\Sounds\donateacry_corpus\hungry\8c920fd0-fa9f-4926-bcac-074767dcbfcd-1436856363348-1.7-f-04-hu.wav,6.68,0.017537361,0.40057582
C:\Users\Jeevana R S\Downloads\Baby\Sounds\donateacry_corpus\hungry\8c920fd0-fa9f-4926-bcac-074767dcbfcd-1436856382717-1.7-m-04-hu.wav,6.66,0.021287952,0.21117029
C:\Users\Jeevana R S\Downloads\Baby\Sounds\donateacry_corpus\hungry\8f4dbf5a-b504-4452-b6ac-94e646a6a052-1430727792958-1.7-f-72-hu.wav,6.92,0.0052003693,0.24191879
C:\Users\Jeevana R S\Downloads\Baby\Sounds\donateacry_corpus\hungry\8f4dbf5a-b504-4452-b6ac-94e646a6a052-1430727806162-1.7-f-72-hu.wav,6.92,0.009304944,0.17084025
C:\Users\Jeevana R S\Downloads\Baby\Sounds\donateacry_corpus\hungry\8f4dbf5a-b504-4452-b6ac-94e646a6a052-1430729451597-1.7-f-72-hu.wav,6.92,0.0005189726,0.012130376
C:\Users\Jeevana R S\Downloads\Baby\Sounds\donateacry_corpus\hungry\8f4dbf5a-b504-4452-b6ac-94e646a6a052-1430734962301-1.7-f-72-hu.wav,6.92,0.0035225684,0.2339623
C:\Users\Jeevana R S\Downloads\Baby\Sounds\donateacry_corpus\hungry\8f4dbf5a-b504-4452-b6ac-94e646a6a052-1430735028906-1.7-f-72-hu.wav,6.92,0.033038855,0.49935603
C:\Users\Jeevana R S\Downloads\Baby\Sounds\donateacry_corpus\hungry\8f4dbf5a-b504-4452-b6ac-94e646a6a052-1430735040980-1.7-f-72-hu.wav,6.96,0.012471744,0.27177992
C:\Users\Jeevana R S\Downloads\Baby\Sounds\donateacry_corpus\hungry\8f4dbf5a-b504-4452-b6ac-94e646a6a052-1430735057816-1.7-f-72-hu.wav,6.92,0.018320099,0.24174829
C:\Users\Jeevana R S\Downloads\Baby\Sounds\donateacry_corpus\hungry\8f4dbf5a-b504-4452-b6ac-94e646a6a052-1430735157938-1.7-f-72-hu.wav,6.92,0.011749495,0.3115739
C:\Users\Jeevana R S\Downloads\Baby\Sounds\donateacry_corpus\hungry\8f5c01dc-6826-4076-a831-027ad61afdaf-1435873509176-1.7-f-26-hu.wav,6.94,0.07520201,1.1357752
C:\Users\Jeevana R S\Downloads\Baby\Sounds\donateacry_corpus\hungry\8FDA58A7-FDC6-4421-855F-738E6E853E43-1429895742-1.0-m-26-hu.wav,7.0,0.026551802,1.0418944
C:\Users\Jeevana R S\Downloads\Baby\Sounds\donateacry_corpus\hungry\8FDA58A7-FDC6-4421-855F-738E6E853E43-1429895751-1.0-m-26-hu.wav,7.0,0.06044234,0.8904232
C:\Users\Jeevana R S\Downloads\Baby\Sounds\donateacry_corpus\hungry\8FDA58A7-FDC6-4421-855F-738E6E853E43-1429895780-1.0-m-26-hu.wav,7.0,0.18142872,1.0410745
C:\Users\Jeevana R S\Downloads\Baby\Sounds\donateacry_corpus\hungry\9090c7a3-bebc-4485-aafc-64e4298da3ac-1430088396663-1.7-f-26-hu.wav,6.94,0.047992278,0.9881542
C:\Users\Jeevana R S\Downloads\Baby\Sounds\donateacry_corpus\hungry\9090c7a3-bebc-4485-aafc-64e4298da3ac-1430109146143-1.7-f-26-hu.wav,7.02,0.22005635,1.0197843
C:\Users\Jeevana R S\Downloads\Baby\Sounds\donateacry_corpus\hungry\92d08bbe-553f-4844-85b1-15d572f06ea2-1436873183951-1.7-m-04-hu.wav,6.78,0.107823215,1.1235155
C:\Users\Jeevana R S\Downloads\Baby\Sounds\donateacry_corpus\hungry\92d08bbe-553f-4844-85b1-15d572f06ea2-1436873211119-1.7-m-04-hu.wav,6.78,0.042789683,0.75339764
C:\Users\Jeevana R S\Downloads\Baby\Sounds\donateacry_corpus\hungry\9641D2D5-7D9F-41B2-8345-229AE9555FEC-1430022546-1.0-m-72-hu.wav,7.0,0.04730086,0.2884196
C:\Users\Jeevana R S\Downloads\Baby\Sounds\donateacry_corpus\hungry\96986c8b-9988-4c37-a0f8-e7c4269cc3ac-1431719845836-1.7-m-26-hu.wav,6.72,0.06751989,0.6543987
C:\Users\Jeevana R S\Downloads\Baby\Sounds\donateacry_corpus\hungry\990DE219-FCD1-4634-91CE-19AB93E5D2B0-1430214575-1.0-m-04-hu.wav,7.0,0.011249382,0.084257916
C:\Users\Jeevana R S\Downloads\Baby\Sounds\donateacry_corpus\hungry\999bf14b-e417-4b44-b746-9253f81efe38-1430844940177-1.7-m-04-hu.wav,6.9,0.016187405,0.26116234
C:\Users\Jeevana R S\Downloads\Baby\Sounds\donateacry_corpus\hungry\999bf14b-e417-4b44-b746-9253f81efe38-1430972705879-1.7-m-26-hu.wav,6.9,0.001694234,0.28888968
C:\Users\Jeevana R S\Downloads\Baby\Sounds\donateacry_corpus\hungry\999bf14b-e417-4b44-b746-9253f81efe38-1431013054417-1.7-m-26-hu.wav,6.9,0.052365225,0.55513
C:\Users\Jeevana R S\Downloads\Baby\Sounds\donateacry_corpus\hungry\999bf14b-e417-4b44-b746-9253f81efe38-1431013068243-1.7-m-26-hu.wav,6.9,0.05238649,0.4107982
C:\Users\Jeevana R S\Downloads\Baby\Sounds\donateacry_corpus\hungry\9aa8bac5-eeb9-4f19-a4bf-7c439e87364b-1430745312460-1.7-m-04-hu.wav,6.54,0.0037164674,0.20596617
C:\Users\Jeevana R S\Downloads\Baby\Sounds\donateacry_corpus\hungry\9aa8bac5-eeb9-4f19-a4bf-7c439e87364b-1430745385374-1.7-m-04-hu.wav,6.54,0.032759827,0.30042714
C:\Users\Jeevana R S\Downloads\Baby\Sounds\donateacry_corpus\hungry\9CFD61B9-BF13-406D-8B2F-F73CFAAF25CB-1430927693-1.0-f-04-hu.wav,7.0,0.0525103,0.54012424
C:\Users\Jeevana R S\Downloads\Baby\Sounds\donateacry_corpus\hungry\9CFD61B9-BF13-406D-8B2F-F73CFAAF25CB-1430927704-1.0-f-04-hu.wav,7.0,0.0399417,0.88064396
C:\Users\Jeevana R S\Downloads\Baby\Sounds\donateacry_corpus\hungry\9CFD61B9-BF13-406D-8B2F-F73CFAAF25CB-1430927716-1.0-f-04-hu.wav,7.0,0.03653576,0.41395533
C:\Users\Jeevana R S\Downloads\Baby\Sounds\donateacry_corpus\hungry\9CFD61B9-BF13-406D-8B2F-F73CFAAF25CB-1430927728-1.0-f-04-hu.wav,7.0,0.049186107,0.77763265
C:\Users\Jeevana R S\Downloads\Baby\Sounds\donateacry_corpus\hungry\9CFD61B9-BF13-406D-8B2F-F73CFAAF25CB-1430927741-1.0-f-04-hu.wav,7.0,0.07877507,0.7747694
C:\Users\Jeevana R S\Downloads\Baby\Sounds\donateacry_corpus\hungry\9fe37482-6a64-401d-b8b9-3e47d6ed9ac0-1430047362195-1.7-f-26-hu.wav,6.92,0.05124448,0.70003915
C:\Users\Jeevana R S\Downloads\Baby\Sounds\donateacry_corpus\hungry\9fe37482-6a64-401d-b8b9-3e47d6ed9ac0-1430047373513-1.7-f-26-hu.wav,6.92,0.059188895,0.6665627
C:\Users\Jeevana R S\Downloads\Baby\Sounds\donateacry_corpus\hungry\9fe37482-6a64-401d-b8b9-3e47d6ed9ac0-1430047399844-1.7-f-26-hu.wav,6.94,0.018443,0.698486
C:\Users\Jeevana R S\Downloads\Baby\Sounds\donateacry_corpus\hungry\9fe37482-6a64-401d-b8b9-3e47d6ed9ac0-1430047590938-1.7-f-26-hu.wav,6.94,0.09416625,0.8319024
C:\Users\Jeevana R S\Downloads\Baby\Sounds\donateacry_corpus\hungry\A123AD65-38D3-4A65-AB37-330034765840-1430093687-1.0-m-04-hu.wav,7.0,0.008735591,0.1673814
C:\Users\Jeevana R S\Downloads\Baby\Sounds\donateacry_corpus\hungry\A123AD65-38D3-4A65-AB37-330034765840-1430093699-1.0-m-04-hu.wav,7.0,0.016308678,0.36480728
C:\Users\Jeevana R S\Downloads\Baby\Sounds\donateacry_corpus\hungry\A123AD65-38D3-4A65-AB37-330034765840-1430093710-1.0-m-04-hu.wav,7.0,0.010506246,0.22991404
C:\Users\Jeevana R S\Downloads\Baby\Sounds\donateacry_corpus\hungry\A123AD65-38D3-4A65-AB37-330034765840-1430093726-1.0-m-04-hu.wav,7.0,0.019266784,0.4909907
C:\Users\Jeevana R S\Downloads\Baby\Sounds\donateacry_corpus\hungry\a40b9b8d-e4bc-457a-badf-f38bdbc0c358-1430016745385-1.7-m-04-hu.wav,6.86,0.12502289,1.3629953
C:\Users\Jeevana R S\Downloads\Baby\Sounds\donateacry_corpus\hungry\a40b9b8d-e4bc-457a-badf-f38bdbc0c358-1430016779981-1.7-m-26-hu.wav,6.94,0.06937321,1.0542204
C:\Users\Jeevana R S\Downloads\Baby\Sounds\donateacry_corpus\hungry\a40b9b8d-e4bc-457a-badf-f38bdbc0c358-1430017191818-1.7-m-26-hu.wav,6.92,0.17378339,1.5162152
C:\Users\Jeevana R S\Downloads\Baby\Sounds\donateacry_corpus\hungry\a56e2494-d2b2-480e-af0b-de9ea8f33572-1436897427825-1.7-f-26-hu.wav,6.96,0.029831273,0.69256455
C:\Users\Jeevana R S\Downloads\Baby\Sounds\donateacry_corpus\hungry\a7b13b65-da2c-48ec-8aed-46adcaba705f-1430823489236-1.7-f-26-hu.wav,6.94,0.15074435,0.99497116
C:\Users\Jeevana R S\Downloads\Baby\Sounds\donateacry_corpus\hungry\AA2CA7F6-4547-4CC0-AA4C-5D7B64727FB5-1437123487-1.1-f-26-hu.wav,7.0,0.09220534,0.6361131
C:\Users\Jeevana R S\Downloads\Baby\Sounds\donateacry_corpus\hungry\aaa57dbd-7b88-454a-963e-6faa2f4ed4e7-1436910225455-1.7-f-04-hu.wav,7.04,0.009763384,0.83700675
C:\Users\Jeevana R S\Downloads\Baby\Sounds\donateacry_corpus\hungry\aaa57dbd-7b88-454a-963e-6faa2f4ed4e7-1436910235521-1.7-f-04-hu.wav,6.88,0.009180747,0.41714752
C:\Users\Jeevana R S\Downloads\Baby\Sounds\donateacry_corpus\hungry\aaa57dbd-7b88-454a-963e-6faa2f4ed4e7-1436982066128-1.7-f-04-hu.wav,6.92,0.0042987387,0.20676164
C:\Users\Jeevana R S\Downloads\Baby\Sounds\donateacry_corpus\hungry\aaa57dbd-7b88-454a-963e-6faa2f4ed4e7-1436982075169-1.7-f-04-hu.wav,6.9,0.0074861464,0.16704778
C:\Users\Jeevana R S\Downloads\Baby\Sounds\donateacry_corpus\hungry\aaa57dbd-7b88-454a-963e-6faa2f4ed4e7-1436982098411-1.7-f-04-hu.wav,6.9,0.005774979,0.271326
C:\Users\Jeevana R S\Downloads\Baby\Sounds\donateacry_corpus\hungry\aaa57dbd-7b88-454a-963e-6faa2f4ed4e7-1436988612387-1.7-f-04-hu.wav,6.92,0.090660185,0.839131
C:\Users\Jeevana R S\Downloads\Baby\Sounds\donateacry_corpus\hungry\aaa57dbd-7b88-454a-963e-6faa2f4ed4e7-1437166513710-1.7-f-04-hu.wav,7.02,0.04323733,0.70169336
C:\Users\Jeevana R S\Downloads\Baby\Sounds\donateacry_corpus\hungry\ad7fd28b-3e85-4e9b-9e18-af4bda64c60f-1430756389867-1.7-m-72-hu.wav,6.86,0.060869664,0.86866415
C:\Users\Jeevana R S\Downloads\Baby\Sounds\donateacry_corpus\hungry\adb53808-8b13-4c08-b055-6653c75298be-1430133962749-1.7-m-72-hu.wav,6.92,0.010395612,0.23379867
C:\Users\Jeevana R S\Downloads\Baby\Sounds\donateacry_corpus\hungry\adb53808-8b13-4c08-b055-6653c75298be-1430133982281-1.7-m-72-hu.wav,6.92,0.036253363,0.33553278
C:\Users\Jeevana R S\Downloads\Baby\Sounds\donateacry_corpus\hungry\adcefe56-90b1-4120-83b1-93008cb6f7f0-1430731683554-1.7-m-04-hu.wav,6.94,0.11645701,0.91096926
C:\Users\Jeevana R S\Downloads\Baby\Sounds\donateacry_corpus\hungry\AE02C934-F4E5-4C73-818D-56AA6887EC18-1430279441-1.0-m-26-hu.wav,7.0,0.032044265,1.010857
C:\Users\Jeevana R S\Downloads\Baby\Sounds\donateacry_corpus\hungry\AE02C934-F4E5-4C73-818D-56AA6887EC18-1430279454-1.0-m-26-hu.wav,7.0,0.0022904593,0.03877395
C:\Users\Jeevana R S\Downloads\Baby\Sounds\donateacry_corpus\hungry\ae5a462b-5424-4b5b-82d5-07ccb61654ab-1430405436291-1.7-f-04-hu.wav,6.88,0.0037019695,0.049606256
C:\Users\Jeevana R S\Downloads\Baby\Sounds\donateacry_corpus\hungry\ae5a462b-5424-4b5b-82d5-07ccb61654ab-1431155960186-1.7-f-48-hu.wav,6.9,0.027735878,0.37510404
C:\Users\Jeevana R S\Downloads\Baby\Sounds\donateacry_corpus\hungry\ae5f103b-5fee-442f-bb1b-d9d0570c46ab-1431533809819-1.7-m-26-hu.wav,6.96,0.041219294,0.73995066
C:\Users\Jeevana R S\Downloads\Baby\Sounds\donateacry_corpus\hungry\af30880e-5f98-4dc0-b37a-be6b21fa0ba3-1431240037389-1.7-m-26-hu.wav,6.52,0.15904622,1.0483764
C:\Users\Jeevana R S\Downloads\Baby\Sounds\donateacry_corpus\hungry\afa44e7f-4187-4f1c-9437-b49ba75f542e-1430629785235-1.7-f-04-hu.wav,6.94,0.008715234,0.17479059
C:\Users\Jeevana R S\Downloads\Baby\Sounds\donateacry_corpus\hungry\B0D9116D-8FA4-41AF-B626-BE508FD5CA04-1430832542-1.0-m-04-hu.wav,7.0,0.050502118,0.51179004
C:\Users\Jeevana R S\Downloads\Baby\Sounds\donateacry_corpus\hungry\B2A105BB-347B-4878-A735-AA4ECF32CD16-1436864116-1.1-m-26-hu.wav,7.0,0.11949032,1.035114
C:\Users\Jeevana R S\Downloads\Baby\Sounds\donateacry_corpus\hungry\B327333E-2DE2-4833-A75A-4C576208BED3-1430087429-1.0-f-48-hu.wav,7.0,0.011041443,0.27721742
C:\Users\Jeevana R S\Downloads\Baby\Sounds\donateacry_corpus\hungry\B327333E-2DE2-4833-A75A-4C576208BED3-1430087443-1.0-f-48-hu.wav,7.0,0.005062984,0.061144393
C:\Users\Jeevana R S\Downloads\Baby\Sounds\donateacry_corpus\hungry\B327333E-2DE2-4833-A75A-4C576208BED3-1430087456-1.0-f-48-hu.wav,7.0,0.027009364,0.69899464
C:\Users\Jeevana R S\Downloads\Baby\Sounds\donateacry_corpus\hungry\B400D2D0-9FCE-472E-A152-1FF349B9B407-1436845915-1.1-m-04-hu.wav,7.0,0.004701426,0.12509832
C:\Users\Jeevana R S\Downloads\Baby\Sounds\donateacry_corpus\hungry\B456CE9D-CBD4-43E5-899B-8B8B0483F17D-1431015486-1.0-m-72-hu.wav,7.0,0.025286498,0.34868497
C:\Users\Jeevana R S\Downloads\Baby\Sounds\donateacry_corpus\hungry\b4c460d8-bd6b-4017-9bb8-2ae4ff0c5af1-1432751065608-1.7-f-26-hu.wav,6.92,0.24435641,1.085952
C:\Users\Jeevana R S\Downloads\Baby\Sounds\donateacry_corpus\hungry\b5044f9a-6f2e-44fc-8e04-9076a988acf2-1435544527174-1.7-m-04-hu.wav,6.9,0.010188988,0.27974403
C:\Users\Jeevana R S\Downloads\Baby\Sounds\donateacry_corpus\hungry\b8fe4527-5e46-437f-897d-be32112bc1c8-1430166086647-1.7-f-48-hu.wav,6.74,0.05572242,0.3923157
C:\Users\Jeevana R S\Downloads\Baby\Sounds\donateacry_corpus\hungry\b9d0daab-43c8-41f1-86af-3bcdea9af63c-1429979961789-1.7-f-22-hu.wav,6.78,0.09073507,1.0886171
C:\Users\Jeevana R S\Downloads\Baby\Sounds\donateacry_corpus\hungry\bb2bdafb-0477-4be4-8c41-1a6192e8c6d4-1430637640279-1.7-m-72-hu.wav,6.66,0.078552745,0.7850368
C:\Users\Jeevana R S\Downloads\Baby\Sounds\donateacry_corpus\hungry\bb2bdafb-0477-4be4-8c41-1a6192e8c6d4-1430637663087-1.7-m-72-hu.wav,6.66,0.051426426,0.666249
C:\Users\Jeevana R S\Downloads\Baby\Sounds\donateacry_corpus\hungry\bb2bdafb-0477-4be4-8c41-1a6192e8c6d4-1430637736064-1.7-m-72-hu.wav,6.66,0.078868076,1.0389096
C:\Users\Jeevana R S\Downloads\Baby\Sounds\donateacry_corpus\hungry\be21ef2a-a415-4e8b-bfe6-731bf9956e2c-1431320909516-1.7-f-26-hu.wav,6.96,0.059565514,0.77163637
C:\Users\Jeevana R S\Downloads\Baby\Sounds\donateacry_corpus\hungry\bfbc4d23-39b2-4b33-b686-2f048f062b60-1430077722675-1.7-f-72-hu.wav,6.78,0.018794145,0.7016601
C:\Users\Jeevana R S\Downloads\Baby\Sounds\donateacry_corpus\hungry\c10e2b0f-0cb8-4485-b82f-d453edf97db7-1430738986076-1.7-f-26-hu.wav,6.88,0.003738005,0.116956696
C:\Users\Jeevana R S\Downloads\Baby\Sounds\donateacry_corpus\hungry\c10e2b0f-0cb8-4485-b82f-d453edf97db7-1430739158854-1.7-f-26-hu.wav,6.86,0.00038217814,0.0343912
C:\Users\Jeevana R S\Downloads\Baby\Sounds\donateacry_corpus\hungry\c10e2b0f-0cb8-4485-b82f-d453edf97db7-1430739179429-1.7-f-26-hu.wav,6.88,0.07789201,0.6862771
C:\Users\Jeevana R S\Downloads\Baby\Sounds\donateacry_corpus\hungry\C249BCDD-0F65-4D6A-82BE-43C4006E3DDB-1436891733-1.1-m-72-hu.wav,7.0,0.018710116,0.5156181
C:\Users\Jeevana R S\Downloads\Baby\Sounds\donateacry_corpus\hungry\C249BCDD-0F65-4D6A-82BE-43C4006E3DDB-1436891742-1.1-m-72-hu.wav,7.0,0.026568426,0.46532694
C:\Users\Jeevana R S\Downloads\Baby\Sounds\donateacry_corpus\hungry\C421C6FE-DFEE-4080-8AEA-848E7CE4756B-1430548250-1.0-f-48-hu.wav,7.0,0.042364474,0.60359234
C:\Users\Jeevana R S\Downloads\Baby\Sounds\donateacry_corpus\hungry\C421C6FE-DFEE-4080-8AEA-848E7CE4756B-1430548277-1.0-f-26-hu.wav,7.0,0.03273352,0.44240975
C:\Users\Jeevana R S\Downloads\Baby\Sounds\donateacry_corpus\hungry\c42e76b9-a4c1-48f6-a91d-27ab83015874-1430737177322-1.7-f-72-hu.wav,6.64,0.07751094,0.96159744
C:\Users\Jeevana R S\Downloads\Baby\Sounds\donateacry_corpus\hungry\c6fd9d60-0fa7-44c0-b3ce-0192527d7b81-1429978271017-1.7-m-04-hu.wav,6.78,0.04542115,0.7739359
C:\Users\Jeevana R S\Downloads\Baby\Sounds\donateacry_corpus\hungry\c6fd9d60-0fa7-44c0-b3ce-0192527d7b81-1430038968282-1.7-m-04-hu.wav,6.78,0.092569254,0.9238454
C:\Users\Jeevana R S\Downloads\Baby\Sounds\donateacry_corpus\hungry\c6fd9d60-0fa7-44c0-b3ce-0192527d7b81-1430066825817-1.7-m-72-hu.wav,6.78,0.024430787,0.53269714
C:\Users\Jeevana R S\Downloads\Baby\Sounds\donateacry_corpus\hungry\c6fd9d60-0fa7-44c0-b3ce-0192527d7b81-1430068155237-1.7-m-72-hu.wav,6.78,0.041053236,0.58072895
C:\Users\Jeevana R S\Downloads\Baby\Sounds\donateacry_corpus\hungry\c6fd9d60-0fa7-44c0-b3ce-0192527d7b81-1430068167526-1.7-m-72-hu.wav,6.78,0.058755565,0.75798005
C:\Users\Jeevana R S\Downloads\Baby\Sounds\donateacry_corpus\hungry\c7fef089-4a65-4b75-bfd4-bae0e3518adf-1430754388848-1.7-m-04-hu.wav,6.72,0.061053295,0.9291508
C:\Users\Jeevana R S\Downloads\Baby\Sounds\donateacry_corpus\hungry\ca7d8d54-13cb-4060-8db4-90651b60c078-1434674769219-1.7-f-26-hu.wav,6.78,0.061338935,0.5072389
C:\Users\Jeevana R S\Downloads\Baby\Sounds\donateacry_corpus\hungry\CC8771B1-C84E-4223-A010-029A7629A975-1434107299-1.1-f-04-hu.wav,7.0,0.0128466645,0.2010113
C:\Users\Jeevana R S\Downloads\Baby\Sounds\donateacry_corpus\hungry\cda99fcf-d010-47b4-8987-f54be313ddbd-1429973787766-1.7-f-26-hu.wav,6.94,0.026383622,0.2073366
C:\Users\Jeevana R S\Downloads\Baby\Sounds\donateacry_corpus\hungry\cde108d0-62c3-47f8-82c4-233c9fba5cdd-1436884406827-1.7-m-48-hu.wav,6.92,0.048150938,1.3740492
C:\Users\Jeevana R S\Downloads\Baby\Sounds\donateacry_corpus\hungry\cde108d0-62c3-47f8-82c4-233c9fba5cdd-1436884444242-1.7-m-48-hu.wav,6.86,0.16344796,1.340246
C:\Users\Jeevana R S\Downloads\Baby\Sounds\donateacry_corpus\hungry\cecd525b-18fd-49e3-b2b9-dfb08b93ad95-1430109958636-1.7-m-26-hu.wav,6.94,0.014910046,0.4734431
C:\Users\Jeevana R S\Downloads\Baby\Sounds\donateacry_corpus\hungry\D18A30C6-4370-4BE0-83F8-031892F96603-1432989796-1.1-f-04-hu.wav,7.0,0.040746722,0.79548895
C:\Users\Jeevana R S\Downloads\Baby\Sounds\donateacry_corpus\hungry\D1CB71F9-EF76-49B3-A703-41D557444D21-1436863366-1.1-m-04-hu.wav,7.0,0.014416848,0.31496358
C:\Users\Jeevana R S\Downloads\Baby\Sounds\donateacry_corpus\hungry\D1CB71F9-EF76-49B3-A703-41D557444D21-1436863375-1.1-m-04-hu.wav,7.0,0.079499796,0.8364495
C:\Users\Jeevana R S\Downloads\Baby\Sounds\donateacry_corpus\hungry\d1e236a0-e030-4137-9030-5625026cd098-1430477951092-1.2-m-04-hu.wav,6.9,0.082290426,0.8921012
C:\Users\Jeevana R S\Downloads\Baby\Sounds\donateacry_corpus\hungry\d1e236a0-e030-4137-9030-5625026cd098-1430477960643-1.2-m-04-hu.wav,6.92,0.16226539,1.1294117
C:\Users\Jeevana R S\Downloads\Baby\Sounds\donateacry_corpus\hungry\D54D9C2A-56ED-4338-9D1F-2ADB4E081DAD-1429807587-1.0-m-48-hu.wav,7.0,0.02547973,0.6820885
C:\Users\Jeevana R S\Downloads\Baby\Sounds\donateacry_corpus\hungry\D54D9C2A-56ED-4338-9D1F-2ADB4E081DAD-1429807598-1.0-m-48-hu.wav,7.0,0.015410738,0.35194707
C:\Users\Jeevana R S\Downloads\Baby\Sounds\donateacry_corpus\hungry\D54D9C2A-56ED-4338-9D1F-2ADB4E081DAD-1430036283-1.0-m-48-hu.wav,7.0,0.054540556,0.9973904
C:\Users\Jeevana R S\Downloads\Baby\Sounds\donateacry_corpus\hungry\D54D9C2A-56ED-4338-9D1F-2ADB4E081DAD-1430036301-1.0-m-48-hu.wav,7.0,0.04396994,1.035316
C:\Users\Jeevana R S\Downloads\Baby\Sounds\donateacry_corpus\hungry\d6cda191-4962-4308-9a36-46d5648a95ed-1428333797380-1.5-f-26-hu.wav,6.82,0.04839148,0.9061481
C:\Users\Jeevana R S\Downloads\Baby\Sounds\donateacry_corpus\hungry\d6cda191-4962-4308-9a36-46d5648a95ed-1430640304482-1.7-m-04-hu.wav,6.84,0.042782497,0.4539862
C:\Users\Jeevana R S\Downloads\Baby\Sounds\donateacry_corpus\hungry\d6cda191-4962-4308-9a36-46d5648a95ed-1431882032820-1.7-m-04-hu.wav,6.82,0.08692124,0.9128938
C:\Users\Jeevana R S\Downloads\Baby\Sounds\donateacry_corpus\hungry\d6cda191-4962-4308-9a36-46d5648a95ed-1431882043380-1.7-m-04-hu.wav,6.84,0.040810764,0.9105618
C:\Users\Jeevana R S\Downloads\Baby\Sounds\donateacry_corpus\hungry\d79affbc-f7b4-4ef0-ae57-be5da4b827bf-1430761514476-1.7-m-72-hu.wav,6.9,0.0067451666,0.15072717
C:\Users\Jeevana R S\Downloads\Baby\Sounds\donateacry_corpus\hungry\d79affbc-f7b4-4ef0-ae57-be5da4b827bf-1430761528998-1.7-m-72-hu.wav,6.94,0.0063548815,0.14833783
C:\Users\Jeevana R S\Downloads\Baby\Sounds\donateacry_corpus\hungry\D833237F-1F7C-4338-BEDE-84C0CF5F4145-1430083995-1.0-f-26-hu.wav,7.0,0.038495116,0.44315735
C:\Users\Jeevana R S\Downloads\Baby\Sounds\donateacry_corpus\hungry\D833237F-1F7C-4338-BEDE-84C0CF5F4145-1430084007-1.0-f-26-hu.wav,7.0,0.031983018,0.31583315
C:\Users\Jeevana R S\Downloads\Baby\Sounds\donateacry_corpus\hungry\DB95BF4A-E3E5-4429-A660-DBBCF486E6DF-1430664611-1.0-f-72-hu.wav,7.0,0.0068798703,0.17085443
C:\Users\Jeevana R S\Downloads\Baby\Sounds\donateacry_corpus\hungry\DB95BF4A-E3E5-4429-A660-DBBCF486E6DF-1430664633-1.0-f-72-hu.wav,7.0,0.008168399,0.5162983
C:\Users\Jeevana R S\Downloads\Baby\Sounds\donateacry_corpus\hungry\DBA77EDC-D457-4B3A-83B8-B7AFBF272D4E-1436860486-1.1-m-72-hu.wav,7.0,0.017263677,0.28895032
C:\Users\Jeevana R S\Downloads\Baby\Sounds\donateacry_corpus\hungry\dc5429de-26b4-48e2-bc47-bc607b9bba06-1430741828918-1.7-f-72-hu.wav,6.94,0.014910245,0.20834543
C:\Users\Jeevana R S\Downloads\Baby\Sounds\donateacry_corpus\hungry\DCB33551-F9BA-4B4A-8DA1-A3107E1AD859-1430406483-1.0-m-04-hu.wav,7.0,0.052091323,1.0214968
C:\Users\Jeevana R S\Downloads\Baby\Sounds\donateacry_corpus\hungry\DCB33551-F9BA-4B4A-8DA1-A3107E1AD859-1430406495-1.0-m-04-hu.wav,7.0,0.09809579,1.1038823
C:\Users\Jeevana R S\Downloads\Baby\Sounds\donateacry_corpus\hungry\e0717ce2-da25-417c-89a5-58d7175f4a6d-1436966513203-1.7-m-26-hu.wav,6.66,0.01234398,0.5181247
C:\Users\Jeevana R S\Downloads\Baby\Sounds\donateacry_corpus\hungry\e0cc5beb-50e5-46ef-852e-c92106216e62-1430143334661-1.7-m-04-hu.wav,6.64,0.011585153,0.097366765
C:\Users\Jeevana R S\Downloads\Baby\Sounds\donateacry_corpus\hungry\e1e640e2-78cb-4cb7-9ccc-93813bfc251c-1430738640598-1.7-m-72-hu.wav,6.92,0.033418275,0.91597146
C:\Users\Jeevana R S\Downloads\Baby\Sounds\donateacry_corpus\hungry\e1e640e2-78cb-4cb7-9ccc-93813bfc251c-1430738652322-1.7-m-72-hu.wav,6.92,0.033211585,1.0616618
C:\Users\Jeevana R S\Downloads\Baby\Sounds\donateacry_corpus\hungry\E2C4BCE0-99FD-49EC-8AB1-5EA5DF7DD8C5-1430042952-1.0-m-04-hu.wav,7.0,0.010872118,0.39686304
C:\Users\Jeevana R S\Downloads\Baby\Sounds\donateacry_corpus\hungry\e36730a9-d62b-4752-856f-b42feb1585df-1429975817524-1.7-m-04-hu.wav,6.76,0.025630904,0.59737384
C:\Users\Jeevana R S\Downloads\Baby\Sounds\donateacry_corpus\hungry\e37c323c-0edb-4942-be47-3cc0b2de00a1-1434392919844-1.7-f-26-hu.wav,6.88,0.012413232,0.29642385
C:\Users\Jeevana R S\Downloads\Baby\Sounds\donateacry_corpus\hungry\e37c323c-0edb-4942-be47-3cc0b2de00a1-1434392936735-1.7-f-26-hu.wav,6.92,0.025459541,0.5538359
C:\Users\Jeevana R S\Downloads\Baby\Sounds\donateacry_corpus\hungry\e4051e62-d21d-4bb8-a235-fd7e859ad787-1430739655763-1.7-m-04-hu.wav,6.92,0.095621556,0.68861884
C:\Users\Jeevana R S\Downloads\Baby\Sounds\donateacry_corpus\hungry\e4051e62-d21d-4bb8-a235-fd7e859ad787-1430740613780-1.7-f-72-hu.wav,6.96,0.08637805,0.8649429
C:\Users\Jeevana R S\Downloads\Baby\Sounds\donateacry_corpus\hungry\EC2E1160-BC33-450A-A62D-DE2A4C0D42BB-1430039051-1.0-f-48-hu.wav,7.0,0.09001944,0.93619245
C:\Users\Jeevana R S\Downloads\Baby\Sounds\donateacry_corpus\hungry\eccb4617-8373-4c4f-b49e-bb2d72bce8d8-1430035348191-1.7-m-26-hu.wav,6.9,0.01774421,0.5521251
C:\Users\Jeevana R S\Downloads\Baby\Sounds\donateacry_corpus\hungry\ed31b187-34af-4ff1-979c-3b8a5905fb7b-1430044808480-1.7-m-04-hu.wav,6.64,0.05009881,0.8441387
C:\Users\Jeevana R S\Downloads\Baby\Sounds\donateacry_corpus\hungry\ed31b187-34af-4ff1-979c-3b8a5905fb7b-1430044853892-1.7-f-04-hu.wav,6.64,0.031522766,0.73182845
C:\Users\Jeevana R S\Downloads\Baby\Sounds\donateacry_corpus\hungry\ed31b187-34af-4ff1-979c-3b8a5905fb7b-1430044897699-1.7-f-48-hu.wav,6.64,0.07458611,1.1103406
C:\Users\Jeevana R S\Downloads\Baby\Sounds\donateacry_corpus\hungry\ed31b187-34af-4ff1-979c-3b8a5905fb7b-1430045366784-1.7-f-04-hu.wav,6.64,0.013218044,0.20037615
C:\Users\Jeevana R S\Downloads\Baby\Sounds\donateacry_corpus\hungry\edb5924c-07ba-4eaa-838b-aaf9511a219b-1431894189631-1.7-m-48-hu.wav,6.94,0.046330128,0.9894304
C:\Users\Jeevana R S\Downloads\Baby\Sounds\donateacry_corpus\hungry\edb5924c-07ba-4eaa-838b-aaf9511a219b-1431899400326-1.7-m-48-hu.wav,6.96,0.07456482,0.9683412
C:\Users\Jeevana R S\Downloads\Baby\Sounds\donateacry_corpus\hungry\efd13da0-d40e-48bc-b14e-dee28af4d3c6-1430728179252-1.7-m-22-hu.wav,6.9,0.07414221,0.67329586
C:\Users\Jeevana R S\Downloads\Baby\Sounds\donateacry_corpus\hungry\F1AF5794-AD3B-4181-B010-AB835E5BDA64-1430441342-1.0-m-72-hu.wav,7.0,0.009347847,0.4302017
C:\Users\Jeevana R S\Downloads\Baby\Sounds\donateacry_corpus\hungry\F24DE44B-762C-4149-AC92-96A5E57ED118-1430816918-1.0-m-04-hu.wav,7.0,0.063923895,0.7302797
C:\Users\Jeevana R S\Downloads\Baby\Sounds\donateacry_corpus\hungry\F24DE44B-762C-4149-AC92-96A5E57ED118-1430816936-1.0-m-04-hu.wav,7.0,0.09863623,0.8318783
C:\Users\Jeevana R S\Downloads\Baby\Sounds\donateacry_corpus\hungry\F2F97740-D638-4B6F-9E09-3AC65F06B448-1436849313-1.1-f-48-hu.wav,7.0,0.03292957,0.5356759
C:\Users\Jeevana R S\Downloads\Baby\Sounds\donateacry_corpus\hungry\F2F97740-D638-4B6F-9E09-3AC65F06B448-1436849335-1.1-f-48-hu.wav,7.0,0.018546369,0.32594275
C:\Users\Jeevana R S\Downloads\Baby\Sounds\donateacry_corpus\hungry\F3BAEDDA-CDC0-4A65-90EE-5C372CEE4F3B-1437012044-1.1-m-26-hu.wav,7.0,0.06450224,0.7462615
C:\Users\Jeevana R S\Downloads\Baby\Sounds\donateacry_corpus\hungry\F3BAEDDA-CDC0-4A65-90EE-5C372CEE4F3B-1437012059-1.1-m-26-hu.wav,7.0,0.06704529,0.8379804
C:\Users\Jeevana R S\Downloads\Baby\Sounds\donateacry_corpus\hungry\F3BAEDDA-CDC0-4A65-90EE-5C372CEE4F3B-1437012076-1.1-f-26-hu.wav,7.0,0.01802247,0.5041467
C:\Users\Jeevana R S\Downloads\Baby\Sounds\donateacry_corpus\hungry\F4A0C710-AC2D-42E0-8EA9-3E4CAC31EE20-1430318390-1.0-m-04-hu.wav,7.0,0.05044129,0.6036786
C:\Users\Jeevana R S\Downloads\Baby\Sounds\donateacry_corpus\hungry\F4A0C710-AC2D-42E0-8EA9-3E4CAC31EE20-1430318400-1.0-m-04-hu.wav,7.0,0.054170247,0.6990157
C:\Users\Jeevana R S\Downloads\Baby\Sounds\donateacry_corpus\hungry\F4A0C710-AC2D-42E0-8EA9-3E4CAC31EE20-1430318416-1.0-m-04-hu.wav,7.0,0.08596012,0.9454467
C:\Users\Jeevana R S\Downloads\Baby\Sounds\donateacry_corpus\hungry\F4A65A98-ADEE-49C4-9B45-65A8429DF170-1430232330-1.0-m-72-hu.wav,7.0,0.031119566,0.87940156
C:\Users\Jeevana R S\Downloads\Baby\Sounds\donateacry_corpus\hungry\f5b29377-7cd6-4688-942c-5a07add39dc5-1437178455960-1.7-f-26-hu.wav,7.06,0.03817713,0.7652314
C:\Users\Jeevana R S\Downloads\Baby\Sounds\donateacry_corpus\hungry\F6C6D3EE-F139-48A4-9EAC-0A50EB011CDC-1430103957-1.0-m-04-hu.wav,7.0,0.16939272,1.0790321
C:\Users\Jeevana R S\Downloads\Baby\Sounds\donateacry_corpus\hungry\F6C6D3EE-F139-48A4-9EAC-0A50EB011CDC-1430103974-1.0-m-04-hu.wav,7.0,0.12207323,1.0598493
C:\Users\Jeevana R S\Downloads\Baby\Sounds\donateacry_corpus\hungry\f896b69d-6241-4b51-9c45-0d628bc827c1-1430090255303-1.7-m-04-hu.wav,6.92,0.06911236,0.5880413
C:\Users\Jeevana R S\Downloads\Baby\Sounds\donateacry_corpus\hungry\f896b69d-6241-4b51-9c45-0d628bc827c1-1430090274181-1.7-m-04-hu.wav,6.9,0.04487654,0.66956645
C:\Users\Jeevana R S\Downloads\Baby\Sounds\donateacry_corpus\hungry\f896b69d-6241-4b51-9c45-0d628bc827c1-1430090400166-1.7-m-72-hu.wav,6.9,0.05283012,0.6950786
C:\Users\Jeevana R S\Downloads\Baby\Sounds\donateacry_corpus\hungry\F950E7E3-A1A5-4A01-99F4-9B155C3C6606-1430305696-1.0-m-72-hu.wav,7.0,0.024897713,0.39948186
C:\Users\Jeevana R S\Downloads\Baby\Sounds\donateacry_corpus\hungry\F95D4BCE-2FB0-4A0C-A058-BFB0674539AF-1430055800-1.0-m-26-hu.wav,7.0,0.08190306,0.9815235
C:\Users\Jeevana R S\Downloads\Baby\Sounds\donateacry_corpus\hungry\F95D4BCE-2FB0-4A0C-A058-BFB0674539AF-1430055809-1.0-m-26-hu.wav,7.0,0.042979166,1.0274999
C:\Users\Jeevana R S\Downloads\Baby\Sounds\donateacry_corpus\hungry\F95D4BCE-2FB0-4A0C-A058-BFB0674539AF-1430055950-1.0-m-26-hu.wav,7.0,0.17108172,1.0685608
C:\Users\Jeevana R S\Downloads\Baby\Sounds\donateacry_corpus\hungry\fa8620d3-e7db-4101-aff0-28dbf0d96a5f-1434296505682-1.7-f-04-hu.wav,6.74,0.08750016,0.8835779
C:\Users\Jeevana R S\Downloads\Baby\Sounds\donateacry_corpus\hungry\fa8620d3-e7db-4101-aff0-28dbf0d96a5f-1434465485354-1.7-f-04-hu.wav,6.76,0.049666964,0.8245999
C:\Users\Jeevana R S\Downloads\Baby\Sounds\donateacry_corpus\hungry\FAE74A94-9968-43ED-958C-50D7C4C1F13C-1430770858-1.0-f-22-hu.wav,7.0,0.046300028,1.0013673
C:\Users\Jeevana R S\Downloads\Baby\Sounds\donateacry_corpus\hungry\FAE74A94-9968-43ED-958C-50D7C4C1F13C-1430770871-1.0-f-22-hu.wav,7.0,0.059290055,0.7087816
C:\Users\Jeevana R S\Downloads\Baby\Sounds\donateacry_corpus\hungry\FF2CD2F6-404D-4626-8718-6E6C751F63B8-1431104337-1.0-m-04-hu.wav,7.0,0.042653885,0.74806553
C:\Users\Jeevana R S\Downloads\Baby\Sounds\donateacry_corpus\hungry\FF2CD2F6-404D-4626-8718-6E6C751F63B8-1431104346-1.0-m-04-hu.wav,7.0,0.040714297,0.4068805
C:\Users\Jeevana R S\Downloads\Baby\Sounds\donateacry_corpus\hungry\FF2CD2F6-404D-4626-8718-6E6C751F63B8-1431104360-1.0-m-04-hu.wav,7.0,0.056806993,0.49199784
C:\Users\Jeevana R S\Downloads\Baby\Sounds\donateacry_corpus\hungry\FF2CD2F6-404D-4626-8718-6E6C751F63B8-1431104396-1.0-m-04-hu.wav,7.0,0.03945846,0.49457413
C:\Users\Jeevana R S\Downloads\Baby\Sounds\donateacry_corpus\hungry\FF482278-24C9-4FB0-A7BE-FD92D1FE17B4-1430028319-1.0-m-26-hu.wav,7.0,0.071582675,0.87211144
C:\Users\Jeevana R S\Downloads\Baby\Sounds\donateacry_corpus\tired\03ADDCFB-354E-416D-BF32-260CF47F7060-1433658024-1.1-f-04-ti.wav,7.0,0.07466043,0.69611055
C:\Users\Jeevana R S\Downloads\Baby\Sounds\donateacry_corpus\tired\06c4cfa2-7fa6-4fda-91a1-ea186a4acc64-1430029221058-1.7-f-26-ti.wav,6.68,0.016747748,0.466515
C:\Users\Jeevana R S\Downloads\Baby\Sounds\donateacry_corpus\tired\06c4cfa2-7fa6-4fda-91a1-ea186a4acc64-1430029237378-1.7-f-26-ti.wav,6.66,0.0052614477,0.06821765
C:\Users\Jeevana R S\Downloads\Baby\Sounds\donateacry_corpus\tired\06c4cfa2-7fa6-4fda-91a1-ea186a4acc64-1430029246453-1.7-f-26-ti.wav,6.52,0.019961523,0.40054882
C:\Users\Jeevana R S\Downloads\Baby\Sounds\donateacry_corpus\tired\1309B82C-F146-46F0-A723-45345AFA6EA8-1430059864-1.0-f-04-ti.wav,7.0,0.01500894,0.25489074
C:\Users\Jeevana R S\Downloads\Baby\Sounds\donateacry_corpus\tired\1309B82C-F146-46F0-A723-45345AFA6EA8-1431172241-1.0-f-48-ti.wav,7.0,0.024885997,0.8088238
C:\Users\Jeevana R S\Downloads\Baby\Sounds\donateacry_corpus\tired\5B416CE8-2591-4531-9ADC-86D085B5D48B-1430144827-1.0-m-48-ti.wav,7.0,0.014564748,0.28290987
C:\Users\Jeevana R S\Downloads\Baby\Sounds\donateacry_corpus\tired\79FF400A-97E2-4701-987D-C7C850D5523C-1430089487-1.0-f-48-ti.wav,7.0,0.03707088,0.7432856
C:\Users\Jeevana R S\Downloads\Baby\Sounds\donateacry_corpus\tired\7A22229D-06C2-4AAA-9674-DE5DF1906B3A-1436891944-1.1-m-72-ti.wav,7.0,0.02826794,0.50032926
C:\Users\Jeevana R S\Downloads\Baby\Sounds\donateacry_corpus\tired\7A22229D-06C2-4AAA-9674-DE5DF1906B3A-1436891957-1.1-m-72-ti.wav,7.0,0.040382437,0.6560956
C:\Users\Jeevana R S\Downloads\Baby\Sounds\donateacry_corpus\tired\B2AABCE0-1F62-4B57-B58A-308959ABDFE7-1437188751-1.1-m-26-ti.wav,7.0,0.05577605,0.6268068
C:\Users\Jeevana R S\Downloads\Baby\Sounds\donateacry_corpus\tired\B2AABCE0-1F62-4B57-B58A-308959ABDFE7-1437188766-1.1-m-26-ti.wav,7.0,0.065808415,0.91487384
C:\Users\Jeevana R S\Downloads\Baby\Sounds\donateacry_corpus\tired\b4c460d8-bd6b-4017-9bb8-2ae4ff0c5af1-1430418266487-1.7-f-26-ti.wav,6.92,0.237917,1.0149326
C:\Users\Jeevana R S\Downloads\Baby\Sounds\donateacry_corpus\tired\C421C6FE-DFEE-4080-8AEA-848E7CE4756B-1430548384-1.0-m-26-ti.wav,7.0,0.030427337,0.51555806
C:\Users\Jeevana R S\Downloads\Baby\Sounds\donateacry_corpus\tired\C421C6FE-DFEE-4080-8AEA-848E7CE4756B-1430548393-1.0-f-26-ti.wav,7.0,0.028898623,0.3535922
C:\Users\Jeevana R S\Downloads\Baby\Sounds\donateacry_corpus\tired\C5127741-5897-468C-A543-7F1B72569F0E-1428333964-1.0-m-26-ti.wav,7.0,0.0056298166,0.15632303
C:\Users\Jeevana R S\Downloads\Baby\Sounds\donateacry_corpus\tired\ca7d8d54-13cb-4060-8db4-90651b60c078-1434674792223-1.7-f-26-ti.wav,6.78,0.039251342,0.6249078
C:\Users\Jeevana R S\Downloads\Baby\Sounds\donateacry_corpus\tired\cecd525b-18fd-49e3-b2b9-dfb08b93ad95-1430110029205-1.7-m-26-ti.wav,6.94,0.027533071,0.60322607
C:\Users\Jeevana R S\Downloads\Baby\Sounds\donateacry_corpus\tired\D4665929-8695-4655-927F-63F09B2D4CB8-1430726940-1.0-f-26-ti.wav,7.0,0.0040812436,0.08514569
C:\Users\Jeevana R S\Downloads\Baby\Sounds\donateacry_corpus\tired\d5abedab-9ed5-48d0-a83b-fc00c33d6d6b-1430079192907-1.7-f-04-ti.wav,6.88,0.0025231175,0.18090323
C:\Users\Jeevana R S\Downloads\Baby\Sounds\donateacry_corpus\tired\d6cda191-4962-4308-9a36-46d5648a95ed-1431587887997-1.7-m-04-ti.wav,6.82,0.07021057,0.9198122
C:\Users\Jeevana R S\Downloads\Baby\Sounds\donateacry_corpus\tired\d6cda191-4962-4308-9a36-46d5648a95ed-1431587899682-1.7-m-04-ti.wav,6.82,0.084835276,0.87104607
C:\Users\Jeevana R S\Downloads\Baby\Sounds\donateacry_corpus\tired\d6cda191-4962-4308-9a36-46d5648a95ed-1431616581736-1.7-m-04-ti.wav,6.84,0.04899045,0.51317173
C:\Users\Jeevana R S\Downloads\Baby\Sounds\donateacry_corpus\tired\eea17285-4ab9-4d34-a2f5-55fc8c866ac6-1431887695278-1.7-f-26-ti.wav,6.92,0.0010899481,0.021737998
